job_id,stage,family,prior,grid,split,horizon,n_trajectories,primary_horizon,method,failed_trajectories,cap_affected_trajectories,nonfinite_steps,raw_mean_nmse
development__advection_diffusion__coefficient,development,advection_diffusion,coefficient,32,test,64,64,True,calibrated,0,0,0,3.5301689859694726e-12
development__advection_diffusion__coefficient,development,advection_diffusion,coefficient,32,test,64,64,True,uncalibrated,0,0,0,0.5313236820958451
development__advection_diffusion__coefficient,development,advection_diffusion,coefficient,32,test,64,64,True,persistence,0,0,0,1.9041640596724392
development__advection_diffusion__coefficient,development,advection_diffusion,coefficient,32,test,96,64,False,calibrated,0,0,0,5.904761124412951e-12
development__advection_diffusion__coefficient,development,advection_diffusion,coefficient,32,test,96,64,False,uncalibrated,0,0,0,0.744788770889888
development__advection_diffusion__coefficient,development,advection_diffusion,coefficient,32,test,96,64,False,persistence,0,0,0,1.7984063005017863
development__advection_diffusion__coefficient,development,advection_diffusion,coefficient,32,ood,64,64,True,calibrated,0,0,0,2.6173987332513946e-12
development__advection_diffusion__coefficient,development,advection_diffusion,coefficient,32,ood,64,64,True,uncalibrated,0,0,0,0.5686824071126146
development__advection_diffusion__coefficient,development,advection_diffusion,coefficient,32,ood,64,64,True,persistence,0,0,0,1.4053722431665676
development__advection_diffusion__coefficient,development,advection_diffusion,coefficient,32,ood,96,64,False,calibrated,0,0,0,4.070228281396189e-12
development__advection_diffusion__coefficient,development,advection_diffusion,coefficient,32,ood,96,64,False,uncalibrated,0,0,0,0.7019233587782001
development__advection_diffusion__coefficient,development,advection_diffusion,coefficient,32,ood,96,64,False,persistence,0,0,0,1.380484518164716
development__advection_diffusion__correct,development,advection_diffusion,correct,32,test,64,64,True,calibrated,0,0,0,3.0629281019194087e-12
development__advection_diffusion__correct,development,advection_diffusion,correct,32,test,64,64,True,uncalibrated,0,0,0,3.0629281019194087e-12
development__advection_diffusion__correct,development,advection_diffusion,correct,32,test,64,64,True,persistence,0,0,0,1.9041640596724392
development__advection_diffusion__correct,development,advection_diffusion,correct,32,test,96,64,False,calibrated,0,0,0,5.086514745198562e-12
development__advection_diffusion__correct,development,advection_diffusion,correct,32,test,96,64,False,uncalibrated,0,0,0,5.086514745198562e-12
development__advection_diffusion__correct,development,advection_diffusion,correct,32,test,96,64,False,persistence,0,0,0,1.7984063005017863
development__advection_diffusion__correct,development,advection_diffusion,correct,32,ood,64,64,True,calibrated,0,0,0,2.1598008408486055e-12
development__advection_diffusion__correct,development,advection_diffusion,correct,32,ood,64,64,True,uncalibrated,0,0,0,2.1598008408486055e-12
development__advection_diffusion__correct,development,advection_diffusion,correct,32,ood,64,64,True,persistence,0,0,0,1.4053722431665676
development__advection_diffusion__correct,development,advection_diffusion,correct,32,ood,96,64,False,calibrated,0,0,0,3.2760481783379498e-12
development__advection_diffusion__correct,development,advection_diffusion,correct,32,ood,96,64,False,uncalibrated,0,0,0,3.2760481783379498e-12
development__advection_diffusion__correct,development,advection_diffusion,correct,32,ood,96,64,False,persistence,0,0,0,1.380484518164716
development__allen_cahn__coefficient,development,allen_cahn,coefficient,32,test,64,64,True,calibrated,0,0,0,4.0747945426496945e-12
development__allen_cahn__coefficient,development,allen_cahn,coefficient,32,test,64,64,True,uncalibrated,0,0,0,0.004758940167708836
development__allen_cahn__coefficient,development,allen_cahn,coefficient,32,test,64,64,True,persistence,0,0,0,0.03635159908176444
development__allen_cahn__coefficient,development,allen_cahn,coefficient,32,test,96,64,False,calibrated,0,0,0,4.861320051196148e-12
development__allen_cahn__coefficient,development,allen_cahn,coefficient,32,test,96,64,False,uncalibrated,0,0,0,0.005153586947076979
development__allen_cahn__coefficient,development,allen_cahn,coefficient,32,test,96,64,False,persistence,0,0,0,0.04164775016825395
development__allen_cahn__coefficient,development,allen_cahn,coefficient,32,ood,64,64,True,calibrated,0,0,0,1.6531219572223753e-11
development__allen_cahn__coefficient,development,allen_cahn,coefficient,32,ood,64,64,True,uncalibrated,0,0,0,0.004515158545309816
development__allen_cahn__coefficient,development,allen_cahn,coefficient,32,ood,64,64,True,persistence,0,0,0,0.022939436653852008
development__allen_cahn__coefficient,development,allen_cahn,coefficient,32,ood,96,64,False,calibrated,0,0,0,1.845636428327467e-11
development__allen_cahn__coefficient,development,allen_cahn,coefficient,32,ood,96,64,False,uncalibrated,0,0,0,0.0047891766696513596
development__allen_cahn__coefficient,development,allen_cahn,coefficient,32,ood,96,64,False,persistence,0,0,0,0.029400801827896245
development__allen_cahn__correct,development,allen_cahn,correct,32,test,64,64,True,calibrated,0,0,0,3.914342203487285e-12
development__allen_cahn__correct,development,allen_cahn,correct,32,test,64,64,True,uncalibrated,0,0,0,1.9568591795959958e-12
development__allen_cahn__correct,development,allen_cahn,correct,32,test,64,64,True,persistence,0,0,0,0.03635159908176444
development__allen_cahn__correct,development,allen_cahn,correct,32,test,96,64,False,calibrated,0,0,0,4.684122655147794e-12
development__allen_cahn__correct,development,allen_cahn,correct,32,test,96,64,False,uncalibrated,0,0,0,2.2202042954016277e-12
development__allen_cahn__correct,development,allen_cahn,correct,32,test,96,64,False,persistence,0,0,0,0.04164775016825395
development__allen_cahn__correct,development,allen_cahn,correct,32,ood,64,64,True,calibrated,0,0,0,1.7105847863381803e-11
development__allen_cahn__correct,development,allen_cahn,correct,32,ood,64,64,True,uncalibrated,0,0,0,1.48348427226717e-11
development__allen_cahn__correct,development,allen_cahn,correct,32,ood,64,64,True,persistence,0,0,0,0.022939436653852008
development__allen_cahn__correct,development,allen_cahn,correct,32,ood,96,64,False,calibrated,0,0,0,1.9191455101830118e-11
development__allen_cahn__correct,development,allen_cahn,correct,32,ood,96,64,False,uncalibrated,0,0,0,1.46132662205788e-11
development__allen_cahn__correct,development,allen_cahn,correct,32,ood,96,64,False,persistence,0,0,0,0.029400801827896245
development__burgers__coefficient,development,burgers,coefficient,32,test,64,64,True,calibrated,0,0,0,3.6164333757879106e-11
development__burgers__coefficient,development,burgers,coefficient,32,test,64,64,True,uncalibrated,0,0,0,0.017123439811957963
development__burgers__coefficient,development,burgers,coefficient,32,test,64,64,True,persistence,0,0,0,0.811704307409375
development__burgers__coefficient,development,burgers,coefficient,32,test,96,64,False,calibrated,0,0,0,3.299953674641873e-11
development__burgers__coefficient,development,burgers,coefficient,32,test,96,64,False,uncalibrated,0,0,0,0.017177100389785448
development__burgers__coefficient,development,burgers,coefficient,32,test,96,64,False,persistence,0,0,0,1.0653304802911545
development__burgers__coefficient,development,burgers,coefficient,32,ood,64,64,True,calibrated,0,0,0,1.672070575860471e-11
development__burgers__coefficient,development,burgers,coefficient,32,ood,64,64,True,uncalibrated,0,0,0,0.010053786692552413
development__burgers__coefficient,development,burgers,coefficient,32,ood,64,64,True,persistence,0,0,0,0.81375216952644
development__burgers__coefficient,development,burgers,coefficient,32,ood,96,64,False,calibrated,0,0,0,1.924141109328658e-11
development__burgers__coefficient,development,burgers,coefficient,32,ood,96,64,False,uncalibrated,0,0,0,0.011435151169138402
development__burgers__coefficient,development,burgers,coefficient,32,ood,96,64,False,persistence,0,0,0,1.0417534386756522
development__burgers__correct,development,burgers,correct,32,test,64,64,True,calibrated,0,0,0,2.5307297822072228e-11
development__burgers__correct,development,burgers,correct,32,test,64,64,True,uncalibrated,0,0,0,2.5307297822072228e-11
development__burgers__correct,development,burgers,correct,32,test,64,64,True,persistence,0,0,0,0.811704307409375
development__burgers__correct,development,burgers,correct,32,test,96,64,False,calibrated,0,0,0,1.8963068646859797e-11
development__burgers__correct,development,burgers,correct,32,test,96,64,False,uncalibrated,0,0,0,1.8963068646859797e-11
development__burgers__correct,development,burgers,correct,32,test,96,64,False,persistence,0,0,0,1.0653304802911545
development__burgers__correct,development,burgers,correct,32,ood,64,64,True,calibrated,0,0,0,9.77417205336146e-12
development__burgers__correct,development,burgers,correct,32,ood,64,64,True,uncalibrated,0,0,0,9.77417205336146e-12
development__burgers__correct,development,burgers,correct,32,ood,64,64,True,persistence,0,0,0,0.81375216952644
development__burgers__correct,development,burgers,correct,32,ood,96,64,False,calibrated,0,0,0,1.0332348426283142e-11
development__burgers__correct,development,burgers,correct,32,ood,96,64,False,uncalibrated,0,0,0,1.0332348426283142e-11
development__burgers__correct,development,burgers,correct,32,ood,96,64,False,persistence,0,0,0,1.0417534386756522
development__gray_scott__coefficient,development,gray_scott,coefficient,32,test,64,64,True,calibrated,0,0,0,2.1063572677062424e-11
development__gray_scott__coefficient,development,gray_scott,coefficient,32,test,64,64,True,uncalibrated,0,0,0,0.7340473871409614
development__gray_scott__coefficient,development,gray_scott,coefficient,32,test,64,64,True,persistence,0,0,0,2.0360773253215143
development__gray_scott__coefficient,development,gray_scott,coefficient,32,test,96,64,False,calibrated,0,0,0,4.390007067671955e-11
development__gray_scott__coefficient,development,gray_scott,coefficient,32,test,96,64,False,uncalibrated,0,0,0,1.2035563758182
development__gray_scott__coefficient,development,gray_scott,coefficient,32,test,96,64,False,persistence,0,0,0,2.684817013390216
development__gray_scott__coefficient,development,gray_scott,coefficient,32,ood,64,64,True,calibrated,0,0,0,4.283180781311804e-12
development__gray_scott__coefficient,development,gray_scott,coefficient,32,ood,64,64,True,uncalibrated,0,0,0,0.7143331766324437
development__gray_scott__coefficient,development,gray_scott,coefficient,32,ood,64,64,True,persistence,0,0,0,0.3179615921929262
development__gray_scott__coefficient,development,gray_scott,coefficient,32,ood,96,64,False,calibrated,0,0,0,8.107799358411014e-12
development__gray_scott__coefficient,development,gray_scott,coefficient,32,ood,96,64,False,uncalibrated,0,0,0,1.3049249092325161
development__gray_scott__coefficient,development,gray_scott,coefficient,32,ood,96,64,False,persistence,0,0,0,0.4601266146360364
development__gray_scott__correct,development,gray_scott,correct,32,test,64,64,True,calibrated,0,0,0,2.0565963610449252e-11
development__gray_scott__correct,development,gray_scott,correct,32,test,64,64,True,uncalibrated,0,0,0,1.994060227972013e-11
development__gray_scott__correct,development,gray_scott,correct,32,test,64,64,True,persistence,0,0,0,2.0360773253215143
development__gray_scott__correct,development,gray_scott,correct,32,test,96,64,False,calibrated,0,0,0,4.263215364600329e-11
development__gray_scott__correct,development,gray_scott,correct,32,test,96,64,False,uncalibrated,0,0,0,3.995748662232707e-11
development__gray_scott__correct,development,gray_scott,correct,32,test,96,64,False,persistence,0,0,0,2.684817013390216
development__gray_scott__correct,development,gray_scott,correct,32,ood,64,64,True,calibrated,0,0,0,4.280902369766356e-12
development__gray_scott__correct,development,gray_scott,correct,32,ood,64,64,True,uncalibrated,0,0,0,4.3349768822644334e-12
development__gray_scott__correct,development,gray_scott,correct,32,ood,64,64,True,persistence,0,0,0,0.3179615921929262
development__gray_scott__correct,development,gray_scott,correct,32,ood,96,64,False,calibrated,0,0,0,8.032420479762876e-12
development__gray_scott__correct,development,gray_scott,correct,32,ood,96,64,False,uncalibrated,0,0,0,8.082874187375344e-12
development__gray_scott__correct,development,gray_scott,correct,32,ood,96,64,False,persistence,0,0,0,0.4601266146360364
development__ks__coefficient,development,ks,coefficient,32,test,64,64,True,calibrated,0,0,0,1.8063354812870412e-07
development__ks__coefficient,development,ks,coefficient,32,test,64,64,True,uncalibrated,0,0,0,0.586488938329353
development__ks__coefficient,development,ks,coefficient,32,test,64,64,True,persistence,0,0,0,1.0496889516654164
development__ks__coefficient,development,ks,coefficient,32,test,96,64,False,calibrated,0,0,0,3.4690398949043888e-06
development__ks__coefficient,development,ks,coefficient,32,test,96,64,False,uncalibrated,0,0,0,0.7736805793532919
development__ks__coefficient,development,ks,coefficient,32,test,96,64,False,persistence,0,0,0,1.2703809024728039
development__ks__coefficient,development,ks,coefficient,32,ood,64,64,True,calibrated,0,0,0,4.2727818402924705e-06
development__ks__coefficient,development,ks,coefficient,32,ood,64,64,True,uncalibrated,0,0,0,0.7806519249425037
development__ks__coefficient,development,ks,coefficient,32,ood,64,64,True,persistence,0,0,0,1.2648281802265444
development__ks__coefficient,development,ks,coefficient,32,ood,96,64,False,calibrated,0,0,0,7.067615813370262e-05
development__ks__coefficient,development,ks,coefficient,32,ood,96,64,False,uncalibrated,0,0,0,0.9354261005161486
development__ks__coefficient,development,ks,coefficient,32,ood,96,64,False,persistence,0,0,0,1.4557187522355548
development__ks__correct,development,ks,correct,32,test,64,64,True,calibrated,0,0,0,1.8056909080789612e-07
development__ks__correct,development,ks,correct,32,test,64,64,True,uncalibrated,0,0,0,2.4259880928928445e-07
development__ks__correct,development,ks,correct,32,test,64,64,True,persistence,0,0,0,1.0496889516654164
development__ks__correct,development,ks,correct,32,test,96,64,False,calibrated,0,0,0,3.461321767005529e-06
development__ks__correct,development,ks,correct,32,test,96,64,False,uncalibrated,0,0,0,4.105139122896057e-06
development__ks__correct,development,ks,correct,32,test,96,64,False,persistence,0,0,0,1.2703809024728039
development__ks__correct,development,ks,correct,32,ood,64,64,True,calibrated,0,0,0,4.27508145196064e-06
development__ks__correct,development,ks,correct,32,ood,64,64,True,uncalibrated,0,0,0,4.22577132950489e-06
development__ks__correct,development,ks,correct,32,ood,64,64,True,persistence,0,0,0,1.2648281802265444
development__ks__correct,development,ks,correct,32,ood,96,64,False,calibrated,0,0,0,7.064598095602603e-05
development__ks__correct,development,ks,correct,32,ood,96,64,False,uncalibrated,0,0,0,7.657434359925911e-05
development__ks__correct,development,ks,correct,32,ood,96,64,False,persistence,0,0,0,1.4557187522355548
development__wave__coefficient,development,wave,coefficient,32,test,64,64,True,calibrated,0,0,0,4.458420675994616e-11
development__wave__coefficient,development,wave,coefficient,32,test,64,64,True,uncalibrated,0,0,0,0.39735740397071595
development__wave__coefficient,development,wave,coefficient,32,test,64,64,True,persistence,0,0,0,1.6768549606833858
development__wave__coefficient,development,wave,coefficient,32,test,96,64,False,calibrated,0,0,0,9.01406538016779e-11
development__wave__coefficient,development,wave,coefficient,32,test,96,64,False,uncalibrated,0,0,0,0.5797535143190468
development__wave__coefficient,development,wave,coefficient,32,test,96,64,False,persistence,0,0,0,1.733563930633712
development__wave__coefficient,development,wave,coefficient,32,ood,64,64,True,calibrated,0,0,0,2.6456068605522642e-09
development__wave__coefficient,development,wave,coefficient,32,ood,64,64,True,uncalibrated,0,0,0,0.7427219562042069
development__wave__coefficient,development,wave,coefficient,32,ood,64,64,True,persistence,0,0,0,1.9645933140507168
development__wave__coefficient,development,wave,coefficient,32,ood,96,64,False,calibrated,0,0,0,4.825767097103066e-09
development__wave__coefficient,development,wave,coefficient,32,ood,96,64,False,uncalibrated,0,0,0,0.9065306353508049
development__wave__coefficient,development,wave,coefficient,32,ood,96,64,False,persistence,0,0,0,1.7150026313634044
development__wave__correct,development,wave,correct,32,test,64,64,True,calibrated,0,0,0,4.504966498154004e-11
development__wave__correct,development,wave,correct,32,test,64,64,True,uncalibrated,0,0,0,8.927831367177165e-11
development__wave__correct,development,wave,correct,32,test,64,64,True,persistence,0,0,0,1.6768549606833858
development__wave__correct,development,wave,correct,32,test,96,64,False,calibrated,0,0,0,9.108584469457991e-11
development__wave__correct,development,wave,correct,32,test,96,64,False,uncalibrated,0,0,0,1.8235930665800952e-10
development__wave__correct,development,wave,correct,32,test,96,64,False,persistence,0,0,0,1.733563930633712
development__wave__correct,development,wave,correct,32,ood,64,64,True,calibrated,0,0,0,2.6514557962517714e-09
development__wave__correct,development,wave,correct,32,ood,64,64,True,uncalibrated,0,0,0,3.3018618827145914e-09
development__wave__correct,development,wave,correct,32,ood,64,64,True,persistence,0,0,0,1.9645933140507168
development__wave__correct,development,wave,correct,32,ood,96,64,False,calibrated,0,0,0,4.835600039314629e-09
development__wave__correct,development,wave,correct,32,ood,96,64,False,uncalibrated,0,0,0,6.0123727130081025e-09
development__wave__correct,development,wave,correct,32,ood,96,64,False,persistence,0,0,0,1.7150026313634044
resolution_g32__advection_diffusion__coefficient,resolution_g32,advection_diffusion,coefficient,32,test,64,64,True,calibrated,0,0,0,4.359743724663607e-12
resolution_g32__advection_diffusion__coefficient,resolution_g32,advection_diffusion,coefficient,32,test,64,64,True,uncalibrated,0,0,0,0.6843441686841452
resolution_g32__advection_diffusion__coefficient,resolution_g32,advection_diffusion,coefficient,32,test,64,64,True,persistence,0,0,0,2.2844336556730696
resolution_g32__advection_diffusion__coefficient,resolution_g32,advection_diffusion,coefficient,32,test,96,64,False,calibrated,0,0,0,7.379765517526188e-12
resolution_g32__advection_diffusion__coefficient,resolution_g32,advection_diffusion,coefficient,32,test,96,64,False,uncalibrated,0,0,0,0.9744055309789581
resolution_g32__advection_diffusion__coefficient,resolution_g32,advection_diffusion,coefficient,32,test,96,64,False,persistence,0,0,0,2.283803766808812
resolution_g32__advection_diffusion__coefficient,resolution_g32,advection_diffusion,coefficient,32,ood,64,64,True,calibrated,0,0,0,2.2705780308658373e-12
resolution_g32__advection_diffusion__coefficient,resolution_g32,advection_diffusion,coefficient,32,ood,64,64,True,uncalibrated,0,0,0,0.586600614113074
resolution_g32__advection_diffusion__coefficient,resolution_g32,advection_diffusion,coefficient,32,ood,64,64,True,persistence,0,0,0,1.3504375143737093
resolution_g32__advection_diffusion__coefficient,resolution_g32,advection_diffusion,coefficient,32,ood,96,64,False,calibrated,0,0,0,3.430622597872352e-12
resolution_g32__advection_diffusion__coefficient,resolution_g32,advection_diffusion,coefficient,32,ood,96,64,False,uncalibrated,0,0,0,0.6803631054513772
resolution_g32__advection_diffusion__coefficient,resolution_g32,advection_diffusion,coefficient,32,ood,96,64,False,persistence,0,0,0,1.3387318525388234
resolution_g32__advection_diffusion__correct,resolution_g32,advection_diffusion,correct,32,test,64,64,True,calibrated,0,0,0,4.236112706896565e-12
resolution_g32__advection_diffusion__correct,resolution_g32,advection_diffusion,correct,32,test,64,64,True,uncalibrated,0,0,0,4.236112706896565e-12
resolution_g32__advection_diffusion__correct,resolution_g32,advection_diffusion,correct,32,test,64,64,True,persistence,0,0,0,2.2844336556730696
resolution_g32__advection_diffusion__correct,resolution_g32,advection_diffusion,correct,32,test,96,64,False,calibrated,0,0,0,7.291607886040979e-12
resolution_g32__advection_diffusion__correct,resolution_g32,advection_diffusion,correct,32,test,96,64,False,uncalibrated,0,0,0,7.291607886040979e-12
resolution_g32__advection_diffusion__correct,resolution_g32,advection_diffusion,correct,32,test,96,64,False,persistence,0,0,0,2.283803766808812
resolution_g32__advection_diffusion__correct,resolution_g32,advection_diffusion,correct,32,ood,64,64,True,calibrated,0,0,0,2.232394453415835e-12
resolution_g32__advection_diffusion__correct,resolution_g32,advection_diffusion,correct,32,ood,64,64,True,uncalibrated,0,0,0,2.232394453415835e-12
resolution_g32__advection_diffusion__correct,resolution_g32,advection_diffusion,correct,32,ood,64,64,True,persistence,0,0,0,1.3504375143737093
resolution_g32__advection_diffusion__correct,resolution_g32,advection_diffusion,correct,32,ood,96,64,False,calibrated,0,0,0,3.3566038316843385e-12
resolution_g32__advection_diffusion__correct,resolution_g32,advection_diffusion,correct,32,ood,96,64,False,uncalibrated,0,0,0,3.3566038316843385e-12
resolution_g32__advection_diffusion__correct,resolution_g32,advection_diffusion,correct,32,ood,96,64,False,persistence,0,0,0,1.3387318525388234
resolution_g32__allen_cahn__coefficient,resolution_g32,allen_cahn,coefficient,32,test,64,64,True,calibrated,0,0,0,4.7710586613342635e-12
resolution_g32__allen_cahn__coefficient,resolution_g32,allen_cahn,coefficient,32,test,64,64,True,uncalibrated,0,0,0,0.00638033190255527
resolution_g32__allen_cahn__coefficient,resolution_g32,allen_cahn,coefficient,32,test,64,64,True,persistence,0,0,0,0.036377052636412444
resolution_g32__allen_cahn__coefficient,resolution_g32,allen_cahn,coefficient,32,test,96,64,False,calibrated,0,0,0,6.465897089916651e-12
resolution_g32__allen_cahn__coefficient,resolution_g32,allen_cahn,coefficient,32,test,96,64,False,uncalibrated,0,0,0,0.007134198511451472
resolution_g32__allen_cahn__coefficient,resolution_g32,allen_cahn,coefficient,32,test,96,64,False,persistence,0,0,0,0.04256250602127546
resolution_g32__allen_cahn__coefficient,resolution_g32,allen_cahn,coefficient,32,ood,64,64,True,calibrated,0,0,0,1.7187082322514544e-11
resolution_g32__allen_cahn__coefficient,resolution_g32,allen_cahn,coefficient,32,ood,64,64,True,uncalibrated,0,0,0,0.005149319320860712
resolution_g32__allen_cahn__coefficient,resolution_g32,allen_cahn,coefficient,32,ood,64,64,True,persistence,0,0,0,0.022562869018956655
resolution_g32__allen_cahn__coefficient,resolution_g32,allen_cahn,coefficient,32,ood,96,64,False,calibrated,0,0,0,1.816271013113061e-11
resolution_g32__allen_cahn__coefficient,resolution_g32,allen_cahn,coefficient,32,ood,96,64,False,uncalibrated,0,0,0,0.005111017803668479
resolution_g32__allen_cahn__coefficient,resolution_g32,allen_cahn,coefficient,32,ood,96,64,False,persistence,0,0,0,0.028976578512636797
resolution_g32__allen_cahn__correct,resolution_g32,allen_cahn,correct,32,test,64,64,True,calibrated,0,0,0,4.798206410914103e-12
resolution_g32__allen_cahn__correct,resolution_g32,allen_cahn,correct,32,test,64,64,True,uncalibrated,0,0,0,1.8868275307629117e-12
resolution_g32__allen_cahn__correct,resolution_g32,allen_cahn,correct,32,test,64,64,True,persistence,0,0,0,0.036377052636412444
resolution_g32__allen_cahn__correct,resolution_g32,allen_cahn,correct,32,test,96,64,False,calibrated,0,0,0,6.466233021847084e-12
resolution_g32__allen_cahn__correct,resolution_g32,allen_cahn,correct,32,test,96,64,False,uncalibrated,0,0,0,2.1930481256728145e-12
resolution_g32__allen_cahn__correct,resolution_g32,allen_cahn,correct,32,test,96,64,False,persistence,0,0,0,0.04256250602127546
resolution_g32__allen_cahn__correct,resolution_g32,allen_cahn,correct,32,ood,64,64,True,calibrated,0,0,0,1.7267652297606192e-11
resolution_g32__allen_cahn__correct,resolution_g32,allen_cahn,correct,32,ood,64,64,True,uncalibrated,0,0,0,1.5668254520399017e-11
resolution_g32__allen_cahn__correct,resolution_g32,allen_cahn,correct,32,ood,64,64,True,persistence,0,0,0,0.022562869018956655
resolution_g32__allen_cahn__correct,resolution_g32,allen_cahn,correct,32,ood,96,64,False,calibrated,0,0,0,1.8296595958939514e-11
resolution_g32__allen_cahn__correct,resolution_g32,allen_cahn,correct,32,ood,96,64,False,uncalibrated,0,0,0,1.4725674375075812e-11
resolution_g32__allen_cahn__correct,resolution_g32,allen_cahn,correct,32,ood,96,64,False,persistence,0,0,0,0.028976578512636797
resolution_g32__wave__coefficient,resolution_g32,wave,coefficient,32,test,64,64,True,calibrated,0,0,0,6.169543753974572e-11
resolution_g32__wave__coefficient,resolution_g32,wave,coefficient,32,test,64,64,True,uncalibrated,0,0,0,0.41355172672824736
resolution_g32__wave__coefficient,resolution_g32,wave,coefficient,32,test,64,64,True,persistence,0,0,0,1.8038918814695535
resolution_g32__wave__coefficient,resolution_g32,wave,coefficient,32,test,96,64,False,calibrated,0,0,0,1.221013840420381e-10
resolution_g32__wave__coefficient,resolution_g32,wave,coefficient,32,test,96,64,False,uncalibrated,0,0,0,0.6024088925045064
resolution_g32__wave__coefficient,resolution_g32,wave,coefficient,32,test,96,64,False,persistence,0,0,0,1.8723386259798647
resolution_g32__wave__coefficient,resolution_g32,wave,coefficient,32,ood,64,64,True,calibrated,0,0,0,2.2070312619309375e-09
resolution_g32__wave__coefficient,resolution_g32,wave,coefficient,32,ood,64,64,True,uncalibrated,0,0,0,0.6947557939500939
resolution_g32__wave__coefficient,resolution_g32,wave,coefficient,32,ood,64,64,True,persistence,0,0,0,1.8752147398470242
resolution_g32__wave__coefficient,resolution_g32,wave,coefficient,32,ood,96,64,False,calibrated,0,0,0,4.062966562998763e-09
resolution_g32__wave__coefficient,resolution_g32,wave,coefficient,32,ood,96,64,False,uncalibrated,0,0,0,0.8587808394664382
resolution_g32__wave__coefficient,resolution_g32,wave,coefficient,32,ood,96,64,False,persistence,0,0,0,1.6234940538226206
resolution_g32__wave__correct,resolution_g32,wave,correct,32,test,64,64,True,calibrated,0,0,0,6.26352546068619e-11
resolution_g32__wave__correct,resolution_g32,wave,correct,32,test,64,64,True,uncalibrated,0,0,0,1.1694559534182765e-10
resolution_g32__wave__correct,resolution_g32,wave,correct,32,test,64,64,True,persistence,0,0,0,1.8038918814695535
resolution_g32__wave__correct,resolution_g32,wave,correct,32,test,96,64,False,calibrated,0,0,0,1.2391431369737968e-10
resolution_g32__wave__correct,resolution_g32,wave,correct,32,test,96,64,False,uncalibrated,0,0,0,2.335573055247989e-10
resolution_g32__wave__correct,resolution_g32,wave,correct,32,test,96,64,False,persistence,0,0,0,1.8723386259798647
resolution_g32__wave__correct,resolution_g32,wave,correct,32,ood,64,64,True,calibrated,0,0,0,2.2134035276007565e-09
resolution_g32__wave__correct,resolution_g32,wave,correct,32,ood,64,64,True,uncalibrated,0,0,0,2.782841436335111e-09
resolution_g32__wave__correct,resolution_g32,wave,correct,32,ood,64,64,True,persistence,0,0,0,1.8752147398470242
resolution_g32__wave__correct,resolution_g32,wave,correct,32,ood,96,64,False,calibrated,0,0,0,4.074629167216482e-09
resolution_g32__wave__correct,resolution_g32,wave,correct,32,ood,96,64,False,uncalibrated,0,0,0,5.10879281210595e-09
resolution_g32__wave__correct,resolution_g32,wave,correct,32,ood,96,64,False,persistence,0,0,0,1.6234940538226206
resolution_g64__advection_diffusion__coefficient,resolution_g64,advection_diffusion,coefficient,64,test,64,64,True,calibrated,0,0,0,2.4621148923034074e-12
resolution_g64__advection_diffusion__coefficient,resolution_g64,advection_diffusion,coefficient,64,test,64,64,True,uncalibrated,0,0,0,0.6843452418565761
resolution_g64__advection_diffusion__coefficient,resolution_g64,advection_diffusion,coefficient,64,test,64,64,True,persistence,0,0,0,2.284433657354896
resolution_g64__advection_diffusion__coefficient,resolution_g64,advection_diffusion,coefficient,64,test,96,64,False,calibrated,0,0,0,4.272548172852631e-12
resolution_g64__advection_diffusion__coefficient,resolution_g64,advection_diffusion,coefficient,64,test,96,64,False,uncalibrated,0,0,0,0.9744071112448391
resolution_g64__advection_diffusion__coefficient,resolution_g64,advection_diffusion,coefficient,64,test,96,64,False,persistence,0,0,0,2.283803768966853
resolution_g64__advection_diffusion__coefficient,resolution_g64,advection_diffusion,coefficient,64,ood,64,64,True,calibrated,0,0,0,1.3944224512169182e-12
resolution_g64__advection_diffusion__coefficient,resolution_g64,advection_diffusion,coefficient,64,ood,64,64,True,uncalibrated,0,0,0,0.586601269237633
resolution_g64__advection_diffusion__coefficient,resolution_g64,advection_diffusion,coefficient,64,ood,64,64,True,persistence,0,0,0,1.3504375144481742
resolution_g64__advection_diffusion__coefficient,resolution_g64,advection_diffusion,coefficient,64,ood,96,64,False,calibrated,0,0,0,2.0734768123046286e-12
resolution_g64__advection_diffusion__coefficient,resolution_g64,advection_diffusion,coefficient,64,ood,96,64,False,uncalibrated,0,0,0,0.6803638660506219
resolution_g64__advection_diffusion__coefficient,resolution_g64,advection_diffusion,coefficient,64,ood,96,64,False,persistence,0,0,0,1.3387318533412251
resolution_g64__advection_diffusion__correct,resolution_g64,advection_diffusion,correct,64,test,64,64,True,calibrated,0,0,0,2.3795059667397735e-12
resolution_g64__advection_diffusion__correct,resolution_g64,advection_diffusion,correct,64,test,64,64,True,uncalibrated,0,0,0,2.3719585895269115e-12
resolution_g64__advection_diffusion__correct,resolution_g64,advection_diffusion,correct,64,test,64,64,True,persistence,0,0,0,2.284433657354896
resolution_g64__advection_diffusion__correct,resolution_g64,advection_diffusion,correct,64,test,96,64,False,calibrated,0,0,0,4.24379761137698e-12
resolution_g64__advection_diffusion__correct,resolution_g64,advection_diffusion,correct,64,test,96,64,False,uncalibrated,0,0,0,4.211284576397549e-12
resolution_g64__advection_diffusion__correct,resolution_g64,advection_diffusion,correct,64,test,96,64,False,persistence,0,0,0,2.283803768966853
resolution_g64__advection_diffusion__correct,resolution_g64,advection_diffusion,correct,64,ood,64,64,True,calibrated,0,0,0,1.2217891229070599e-12
resolution_g64__advection_diffusion__correct,resolution_g64,advection_diffusion,correct,64,ood,64,64,True,uncalibrated,0,0,0,1.1812196071789283e-12
resolution_g64__advection_diffusion__correct,resolution_g64,advection_diffusion,correct,64,ood,64,64,True,persistence,0,0,0,1.3504375144481742
resolution_g64__advection_diffusion__correct,resolution_g64,advection_diffusion,correct,64,ood,96,64,False,calibrated,0,0,0,1.844604307790057e-12
resolution_g64__advection_diffusion__correct,resolution_g64,advection_diffusion,correct,64,ood,96,64,False,uncalibrated,0,0,0,1.8031730649039418e-12
resolution_g64__advection_diffusion__correct,resolution_g64,advection_diffusion,correct,64,ood,96,64,False,persistence,0,0,0,1.3387318533412251
resolution_g64__allen_cahn__coefficient,resolution_g64,allen_cahn,coefficient,64,test,64,64,True,calibrated,0,0,0,4.459289287252943e-12
resolution_g64__allen_cahn__coefficient,resolution_g64,allen_cahn,coefficient,64,test,64,64,True,uncalibrated,0,0,0,0.005892348846835205
resolution_g64__allen_cahn__coefficient,resolution_g64,allen_cahn,coefficient,64,test,64,64,True,persistence,0,0,0,0.03637508854955751
resolution_g64__allen_cahn__coefficient,resolution_g64,allen_cahn,coefficient,64,test,96,64,False,calibrated,0,0,0,5.8085867827328395e-12
resolution_g64__allen_cahn__coefficient,resolution_g64,allen_cahn,coefficient,64,test,96,64,False,uncalibrated,0,0,0,0.006197853370248179
resolution_g64__allen_cahn__coefficient,resolution_g64,allen_cahn,coefficient,64,test,96,64,False,persistence,0,0,0,0.04256801569992004
resolution_g64__allen_cahn__coefficient,resolution_g64,allen_cahn,coefficient,64,ood,64,64,True,calibrated,0,0,0,1.736785754696435e-11
resolution_g64__allen_cahn__coefficient,resolution_g64,allen_cahn,coefficient,64,ood,64,64,True,uncalibrated,0,0,0,0.00453687934301783
resolution_g64__allen_cahn__coefficient,resolution_g64,allen_cahn,coefficient,64,ood,64,64,True,persistence,0,0,0,0.022577522671257177
resolution_g64__allen_cahn__coefficient,resolution_g64,allen_cahn,coefficient,64,ood,96,64,False,calibrated,0,0,0,1.848751596434639e-11
resolution_g64__allen_cahn__coefficient,resolution_g64,allen_cahn,coefficient,64,ood,96,64,False,uncalibrated,0,0,0,0.004276018451811581
resolution_g64__allen_cahn__coefficient,resolution_g64,allen_cahn,coefficient,64,ood,96,64,False,persistence,0,0,0,0.02900870622188123
resolution_g64__allen_cahn__correct,resolution_g64,allen_cahn,correct,64,test,64,64,True,calibrated,0,0,0,4.327346222366756e-12
resolution_g64__allen_cahn__correct,resolution_g64,allen_cahn,correct,64,test,64,64,True,uncalibrated,0,0,0,1.5865641571990046e-12
resolution_g64__allen_cahn__correct,resolution_g64,allen_cahn,correct,64,test,64,64,True,persistence,0,0,0,0.03637508854955751
resolution_g64__allen_cahn__correct,resolution_g64,allen_cahn,correct,64,test,96,64,False,calibrated,0,0,0,5.660266113295494e-12
resolution_g64__allen_cahn__correct,resolution_g64,allen_cahn,correct,64,test,96,64,False,uncalibrated,0,0,0,1.6179883314044244e-12
resolution_g64__allen_cahn__correct,resolution_g64,allen_cahn,correct,64,test,96,64,False,persistence,0,0,0,0.04256801569992004
resolution_g64__allen_cahn__correct,resolution_g64,allen_cahn,correct,64,ood,64,64,True,calibrated,0,0,0,1.7237402552764397e-11
resolution_g64__allen_cahn__correct,resolution_g64,allen_cahn,correct,64,ood,64,64,True,uncalibrated,0,0,0,1.547483975441897e-11
resolution_g64__allen_cahn__correct,resolution_g64,allen_cahn,correct,64,ood,64,64,True,persistence,0,0,0,0.022577522671257177
resolution_g64__allen_cahn__correct,resolution_g64,allen_cahn,correct,64,ood,96,64,False,calibrated,0,0,0,1.83696531192993e-11
resolution_g64__allen_cahn__correct,resolution_g64,allen_cahn,correct,64,ood,96,64,False,uncalibrated,0,0,0,1.4330699334722319e-11
resolution_g64__allen_cahn__correct,resolution_g64,allen_cahn,correct,64,ood,96,64,False,persistence,0,0,0,0.02900870622188123
resolution_g64__wave__coefficient,resolution_g64,wave,coefficient,64,test,64,64,True,calibrated,0,0,0,4.903911291722245e-12
resolution_g64__wave__coefficient,resolution_g64,wave,coefficient,64,test,64,64,True,uncalibrated,0,0,0,0.41355079302842057
resolution_g64__wave__coefficient,resolution_g64,wave,coefficient,64,test,64,64,True,persistence,0,0,0,1.8038918851002563
resolution_g64__wave__coefficient,resolution_g64,wave,coefficient,64,test,96,64,False,calibrated,0,0,0,7.061918553964398e-12
resolution_g64__wave__coefficient,resolution_g64,wave,coefficient,64,test,96,64,False,uncalibrated,0,0,0,0.602408414771304
resolution_g64__wave__coefficient,resolution_g64,wave,coefficient,64,test,96,64,False,persistence,0,0,0,1.8723386314125796
resolution_g64__wave__coefficient,resolution_g64,wave,coefficient,64,ood,64,64,True,calibrated,0,0,0,1.568312456346893e-11
resolution_g64__wave__coefficient,resolution_g64,wave,coefficient,64,ood,64,64,True,uncalibrated,0,0,0,0.694753454753851
resolution_g64__wave__coefficient,resolution_g64,wave,coefficient,64,ood,64,64,True,persistence,0,0,0,1.8752146512488252
resolution_g64__wave__coefficient,resolution_g64,wave,coefficient,64,ood,96,64,False,calibrated,0,0,0,2.48979026028525e-11
resolution_g64__wave__coefficient,resolution_g64,wave,coefficient,64,ood,96,64,False,uncalibrated,0,0,0,0.8587812158823643
resolution_g64__wave__coefficient,resolution_g64,wave,coefficient,64,ood,96,64,False,persistence,0,0,0,1.6234939565935442
resolution_g64__wave__correct,resolution_g64,wave,correct,64,test,64,64,True,calibrated,0,0,0,5.11714806462174e-12
resolution_g64__wave__correct,resolution_g64,wave,correct,64,test,64,64,True,uncalibrated,0,0,0,5.343184139531495e-12
resolution_g64__wave__correct,resolution_g64,wave,correct,64,test,64,64,True,persistence,0,0,0,1.8038918851002563
resolution_g64__wave__correct,resolution_g64,wave,correct,64,test,96,64,False,calibrated,0,0,0,7.331603558549925e-12
resolution_g64__wave__correct,resolution_g64,wave,correct,64,test,96,64,False,uncalibrated,0,0,0,7.787434668506281e-12
resolution_g64__wave__correct,resolution_g64,wave,correct,64,test,96,64,False,persistence,0,0,0,1.8723386314125796
resolution_g64__wave__correct,resolution_g64,wave,correct,64,ood,64,64,True,calibrated,0,0,0,1.6573773825949924e-11
resolution_g64__wave__correct,resolution_g64,wave,correct,64,ood,64,64,True,uncalibrated,0,0,0,1.7725150830181422e-11
resolution_g64__wave__correct,resolution_g64,wave,correct,64,ood,64,64,True,persistence,0,0,0,1.8752146512488252
resolution_g64__wave__correct,resolution_g64,wave,correct,64,ood,96,64,False,calibrated,0,0,0,2.576986783766128e-11
resolution_g64__wave__correct,resolution_g64,wave,correct,64,ood,96,64,False,uncalibrated,0,0,0,2.8318684037254268e-11
resolution_g64__wave__correct,resolution_g64,wave,correct,64,ood,96,64,False,persistence,0,0,0,1.6234939565935442
selector_g64__cahn_hilliard__coefficient,selector_g64,cahn_hilliard,coefficient,64,test,64,64,True,calibrated,0,0,0,2.0521260467116596e-12
selector_g64__cahn_hilliard__coefficient,selector_g64,cahn_hilliard,coefficient,64,test,64,64,True,uncalibrated,0,0,0,0.11407926531838708
selector_g64__cahn_hilliard__coefficient,selector_g64,cahn_hilliard,coefficient,64,test,64,64,True,persistence,0,0,0,0.10231210189892193
selector_g64__cahn_hilliard__coefficient,selector_g64,cahn_hilliard,coefficient,64,test,96,64,False,calibrated,0,0,0,4.477537038268508e-12
selector_g64__cahn_hilliard__coefficient,selector_g64,cahn_hilliard,coefficient,64,test,96,64,False,uncalibrated,0,0,0,0.13394824363025687
selector_g64__cahn_hilliard__coefficient,selector_g64,cahn_hilliard,coefficient,64,test,96,64,False,persistence,0,0,0,0.22738141233401477
selector_g64__cahn_hilliard__coefficient,selector_g64,cahn_hilliard,coefficient,64,ood,64,64,True,calibrated,0,0,0,5.3164795871662e-12
selector_g64__cahn_hilliard__coefficient,selector_g64,cahn_hilliard,coefficient,64,ood,64,64,True,uncalibrated,0,0,0,0.07848093674788537
selector_g64__cahn_hilliard__coefficient,selector_g64,cahn_hilliard,coefficient,64,ood,64,64,True,persistence,0,0,0,0.21190483121856296
selector_g64__cahn_hilliard__coefficient,selector_g64,cahn_hilliard,coefficient,64,ood,96,64,False,calibrated,0,0,0,7.53598654511301e-12
selector_g64__cahn_hilliard__coefficient,selector_g64,cahn_hilliard,coefficient,64,ood,96,64,False,uncalibrated,0,0,0,0.07536823740947676
selector_g64__cahn_hilliard__coefficient,selector_g64,cahn_hilliard,coefficient,64,ood,96,64,False,persistence,0,0,0,0.36727928068207544
selector_g64__cahn_hilliard__correct,selector_g64,cahn_hilliard,correct,64,test,64,64,True,calibrated,0,0,0,2.3867937536463058e-12
selector_g64__cahn_hilliard__correct,selector_g64,cahn_hilliard,correct,64,test,64,64,True,uncalibrated,0,0,0,2.655886420299992e-12
selector_g64__cahn_hilliard__correct,selector_g64,cahn_hilliard,correct,64,test,64,64,True,persistence,0,0,0,0.10231210189892193
selector_g64__cahn_hilliard__correct,selector_g64,cahn_hilliard,correct,64,test,96,64,False,calibrated,0,0,0,5.075223743046921e-12
selector_g64__cahn_hilliard__correct,selector_g64,cahn_hilliard,correct,64,test,96,64,False,uncalibrated,0,0,0,5.885077979867801e-12
selector_g64__cahn_hilliard__correct,selector_g64,cahn_hilliard,correct,64,test,96,64,False,persistence,0,0,0,0.22738141233401477
selector_g64__cahn_hilliard__correct,selector_g64,cahn_hilliard,correct,64,ood,64,64,True,calibrated,0,0,0,5.976119406982119e-12
selector_g64__cahn_hilliard__correct,selector_g64,cahn_hilliard,correct,64,ood,64,64,True,uncalibrated,0,0,0,6.6203208247469464e-12
selector_g64__cahn_hilliard__correct,selector_g64,cahn_hilliard,correct,64,ood,64,64,True,persistence,0,0,0,0.21190483121856296
selector_g64__cahn_hilliard__correct,selector_g64,cahn_hilliard,correct,64,ood,96,64,False,calibrated,0,0,0,8.330131476385669e-12
selector_g64__cahn_hilliard__correct,selector_g64,cahn_hilliard,correct,64,ood,96,64,False,uncalibrated,0,0,0,9.24071399054005e-12
selector_g64__cahn_hilliard__correct,selector_g64,cahn_hilliard,correct,64,ood,96,64,False,persistence,0,0,0,0.36727928068207544
selector_g64__cahn_hilliard__structural,selector_g64,cahn_hilliard,structural,64,test,64,64,True,calibrated,0,0,0,0.26738078634641294
selector_g64__cahn_hilliard__structural,selector_g64,cahn_hilliard,structural,64,test,64,64,True,uncalibrated,0,0,0,0.26738078634641294
selector_g64__cahn_hilliard__structural,selector_g64,cahn_hilliard,structural,64,test,64,64,True,persistence,0,0,0,0.10231210189892193
selector_g64__cahn_hilliard__structural,selector_g64,cahn_hilliard,structural,64,test,96,64,False,calibrated,0,0,0,2.38040384481384
selector_g64__cahn_hilliard__structural,selector_g64,cahn_hilliard,structural,64,test,96,64,False,uncalibrated,0,0,0,2.38040384481384
selector_g64__cahn_hilliard__structural,selector_g64,cahn_hilliard,structural,64,test,96,64,False,persistence,0,0,0,0.22738141233401477
selector_g64__cahn_hilliard__structural,selector_g64,cahn_hilliard,structural,64,ood,64,64,True,calibrated,0,0,0,0.7086287292306963
selector_g64__cahn_hilliard__structural,selector_g64,cahn_hilliard,structural,64,ood,64,64,True,uncalibrated,0,0,0,0.7086287292306963
selector_g64__cahn_hilliard__structural,selector_g64,cahn_hilliard,structural,64,ood,64,64,True,persistence,0,0,0,0.21190483121856296
selector_g64__cahn_hilliard__structural,selector_g64,cahn_hilliard,structural,64,ood,96,64,False,calibrated,0,0,0,6.564257849733792
selector_g64__cahn_hilliard__structural,selector_g64,cahn_hilliard,structural,64,ood,96,64,False,uncalibrated,0,0,0,6.564257849733792
selector_g64__cahn_hilliard__structural,selector_g64,cahn_hilliard,structural,64,ood,96,64,False,persistence,0,0,0,0.36727928068207544
selector_g64__fitzhugh_nagumo__coefficient,selector_g64,fitzhugh_nagumo,coefficient,64,test,64,64,True,calibrated,0,0,0,3.541699357762429e-11
selector_g64__fitzhugh_nagumo__coefficient,selector_g64,fitzhugh_nagumo,coefficient,64,test,64,64,True,uncalibrated,0,0,0,0.03141502354817449
selector_g64__fitzhugh_nagumo__coefficient,selector_g64,fitzhugh_nagumo,coefficient,64,test,64,64,True,persistence,0,0,0,1.337497051553207
selector_g64__fitzhugh_nagumo__coefficient,selector_g64,fitzhugh_nagumo,coefficient,64,test,96,64,False,calibrated,0,0,0,3.279958889215966e-11
selector_g64__fitzhugh_nagumo__coefficient,selector_g64,fitzhugh_nagumo,coefficient,64,test,96,64,False,uncalibrated,0,0,0,0.03314589143478752
selector_g64__fitzhugh_nagumo__coefficient,selector_g64,fitzhugh_nagumo,coefficient,64,test,96,64,False,persistence,0,0,0,2.098361059234392
selector_g64__fitzhugh_nagumo__coefficient,selector_g64,fitzhugh_nagumo,coefficient,64,ood,64,64,True,calibrated,0,0,0,4.0129740021153515e-11
selector_g64__fitzhugh_nagumo__coefficient,selector_g64,fitzhugh_nagumo,coefficient,64,ood,64,64,True,uncalibrated,0,0,0,0.01987286152298573
selector_g64__fitzhugh_nagumo__coefficient,selector_g64,fitzhugh_nagumo,coefficient,64,ood,64,64,True,persistence,0,0,0,1.7552344165716391
selector_g64__fitzhugh_nagumo__coefficient,selector_g64,fitzhugh_nagumo,coefficient,64,ood,96,64,False,calibrated,0,0,0,2.8497849955948695e-11
selector_g64__fitzhugh_nagumo__coefficient,selector_g64,fitzhugh_nagumo,coefficient,64,ood,96,64,False,uncalibrated,0,0,0,0.02390418810846621
selector_g64__fitzhugh_nagumo__coefficient,selector_g64,fitzhugh_nagumo,coefficient,64,ood,96,64,False,persistence,0,0,0,2.3281262803339757
selector_g64__fitzhugh_nagumo__correct,selector_g64,fitzhugh_nagumo,correct,64,test,64,64,True,calibrated,0,0,0,3.4932753118879175e-11
selector_g64__fitzhugh_nagumo__correct,selector_g64,fitzhugh_nagumo,correct,64,test,64,64,True,uncalibrated,0,0,0,3.0623723898230985e-11
selector_g64__fitzhugh_nagumo__correct,selector_g64,fitzhugh_nagumo,correct,64,test,64,64,True,persistence,0,0,0,1.337497051553207
selector_g64__fitzhugh_nagumo__correct,selector_g64,fitzhugh_nagumo,correct,64,test,96,64,False,calibrated,0,0,0,3.2461678778383706e-11
selector_g64__fitzhugh_nagumo__correct,selector_g64,fitzhugh_nagumo,correct,64,test,96,64,False,uncalibrated,0,0,0,2.9249056567468906e-11
selector_g64__fitzhugh_nagumo__correct,selector_g64,fitzhugh_nagumo,correct,64,test,96,64,False,persistence,0,0,0,2.098361059234392
selector_g64__fitzhugh_nagumo__correct,selector_g64,fitzhugh_nagumo,correct,64,ood,64,64,True,calibrated,0,0,0,3.9916421230106264e-11
selector_g64__fitzhugh_nagumo__correct,selector_g64,fitzhugh_nagumo,correct,64,ood,64,64,True,uncalibrated,0,0,0,3.616690663565666e-11
selector_g64__fitzhugh_nagumo__correct,selector_g64,fitzhugh_nagumo,correct,64,ood,64,64,True,persistence,0,0,0,1.7552344165716391
selector_g64__fitzhugh_nagumo__correct,selector_g64,fitzhugh_nagumo,correct,64,ood,96,64,False,calibrated,0,0,0,2.8338182266535904e-11
selector_g64__fitzhugh_nagumo__correct,selector_g64,fitzhugh_nagumo,correct,64,ood,96,64,False,uncalibrated,0,0,0,2.558842117019915e-11
selector_g64__fitzhugh_nagumo__correct,selector_g64,fitzhugh_nagumo,correct,64,ood,96,64,False,persistence,0,0,0,2.3281262803339757
selector_g64__fitzhugh_nagumo__structural,selector_g64,fitzhugh_nagumo,structural,64,test,64,64,True,calibrated,0,0,0,1.4916272208111891
selector_g64__fitzhugh_nagumo__structural,selector_g64,fitzhugh_nagumo,structural,64,test,64,64,True,uncalibrated,0,0,0,1.6198748296659602
selector_g64__fitzhugh_nagumo__structural,selector_g64,fitzhugh_nagumo,structural,64,test,64,64,True,persistence,0,0,0,1.337497051553207
selector_g64__fitzhugh_nagumo__structural,selector_g64,fitzhugh_nagumo,structural,64,test,96,64,False,calibrated,0,0,0,2.883626199592437
selector_g64__fitzhugh_nagumo__structural,selector_g64,fitzhugh_nagumo,structural,64,test,96,64,False,uncalibrated,0,0,0,3.1023674087721345
selector_g64__fitzhugh_nagumo__structural,selector_g64,fitzhugh_nagumo,structural,64,test,96,64,False,persistence,0,0,0,2.098361059234392
selector_g64__fitzhugh_nagumo__structural,selector_g64,fitzhugh_nagumo,structural,64,ood,64,64,True,calibrated,0,0,0,2.4078911390298785
selector_g64__fitzhugh_nagumo__structural,selector_g64,fitzhugh_nagumo,structural,64,ood,64,64,True,uncalibrated,0,0,0,2.6153317137793977
selector_g64__fitzhugh_nagumo__structural,selector_g64,fitzhugh_nagumo,structural,64,ood,64,64,True,persistence,0,0,0,1.7552344165716391
selector_g64__fitzhugh_nagumo__structural,selector_g64,fitzhugh_nagumo,structural,64,ood,96,64,False,calibrated,0,0,0,3.8848665306238814
selector_g64__fitzhugh_nagumo__structural,selector_g64,fitzhugh_nagumo,structural,64,ood,96,64,False,uncalibrated,0,0,0,4.212885004261977
selector_g64__fitzhugh_nagumo__structural,selector_g64,fitzhugh_nagumo,structural,64,ood,96,64,False,persistence,0,0,0,2.3281262803339757
