stage,grid,family,prior,kind,arm,split,horizon,n_seeds,n_trajectories,mean_nmse,ci95_low,ci95_high,normalized_rmse,mean_training_validation_seconds,fixed_choice_setup_train_bank_seconds,median_inference_ms_per_step
development,32,burgers,coefficient,fno,none,test,64,6,64,0.0006509336796864854,0.000425250135304933,0.0009387957173597811,0.02551340196223321,25.063914816748973,25.097965341992676,1.29736257949844
development,32,burgers,coefficient,fno,smooth,test,64,6,64,0.0005711963473191131,0.00038899516293196506,0.0007860478832979397,0.023899714377354244,41.6963123138994,44.783142329271264,1.2744765845127404
development,32,burgers,coefficient,looped,none,test,64,6,64,0.011035458482731861,0.007368886747672522,0.015904018193340395,0.10504979049351722,39.012222901297115,39.05039693089202,1.5649137669242918
development,32,burgers,coefficient,looped,smooth,test,64,6,64,0.010207495767216607,0.00715187061615731,0.014089323934930323,0.10103215214582241,69.4088247505327,72.49963433171312,1.5538573265075684
development,32,burgers,coefficient,transformer,none,test,64,6,64,0.006637938893562252,0.004161025349071872,0.00999280808839875,0.08147354720129873,43.58832743616464,43.630592009751126,1.5387109015136957
development,32,burgers,coefficient,transformer,smooth,test,64,6,64,0.006662913922609703,0.0044453044276099325,0.00958232147279014,0.0816266740876394,73.29967685625888,76.39466220947604,1.5381196630187333
development,32,burgers,correct,fno,none,test,64,6,64,0.0006018920915045993,0.000407255776249071,0.000818513615801058,0.024533489183249074,24.974350878891226,25.010247424710542,1.2510888278484344
development,32,burgers,correct,fno,smooth,test,64,6,64,0.00020412086126827636,0.00013238363309229408,0.0002980097433754242,0.014287087221273493,42.36106056052571,45.426626055579014,1.2773475958965719
development,32,burgers,correct,looped,none,test,64,6,64,0.011035485003383694,0.007368921985156077,0.015904042249369456,0.10504991672240246,39.26055950873221,39.29905022261664,1.5385346487164497
development,32,burgers,correct,looped,smooth,test,64,6,64,0.009705862691645806,0.006825713181827967,0.013407003885939052,0.09851833682947457,69.63273873203434,72.7024206748077,1.5413571847602725
development,32,burgers,correct,transformer,none,test,64,6,64,0.006638130040853433,0.004161000943040826,0.009993078849848697,0.08147472025636807,44.18545188956583,44.22919861793829,1.5535904210992157
development,32,burgers,correct,transformer,smooth,test,64,6,64,0.005796979630184347,0.003728663535563752,0.008734679841397572,0.07613789877705024,73.78602075654392,76.86013833068621,1.5389379113912582
development,32,gray_scott,coefficient,fno,none,test,64,6,64,0.00044348240312426686,0.00034381996925192897,0.0005700161332823963,0.021059021893817073,25.045804808847606,25.080757798704628,1.2757554417476058
development,32,gray_scott,coefficient,fno,smooth,test,64,6,64,0.005444026896559521,0.003213525452126078,0.00853242574574118,0.07378364924940702,42.163343978502475,45.660141976860665,1.25428750179708
development,32,gray_scott,coefficient,looped,none,test,64,6,64,0.018285120352365708,0.014738567135070157,0.022440195364347715,0.13522248464055714,39.601634229766205,39.64029876437659,1.53174321167171
development,32,gray_scott,coefficient,looped,smooth,test,64,6,64,0.023428687306140932,0.019551900189474485,0.027933197106891853,0.15306432408024062,69.40323275273356,72.90358132620652,1.5334117226302624
development,32,gray_scott,coefficient,transformer,none,test,64,6,64,0.0168203597655275,0.013123205776694133,0.021397042974030642,0.1296933296878737,42.74332523493407,42.78603178813743,1.5238542458973825
development,32,gray_scott,coefficient,transformer,smooth,test,64,6,64,0.031127025338310743,0.02629784517045034,0.03664884792392881,0.17642852756374391,73.55562385567464,77.06042383098975,1.5240659471601248
development,32,gray_scott,correct,fno,none,test,64,6,64,0.0004434856750632372,0.0003438128485036161,0.0005700428061511418,0.021059099578643842,24.999767874833196,25.034792294260114,1.2483337195590138
development,32,gray_scott,correct,fno,smooth,test,64,6,64,0.00042400102816236965,0.0003166538057966414,0.0005562733353331318,0.02059128524794821,41.96917047887109,45.457594395925604,1.2532072374597192
development,32,gray_scott,correct,looped,none,test,64,6,64,0.01828511733519697,0.014738590694076903,0.02244012739339066,0.13522247348424363,39.37214013289971,39.41068594631118,1.5319807222113013
development,32,gray_scott,correct,looped,smooth,test,64,6,64,0.018146469799754133,0.014480432592666232,0.022062196266209783,0.13470883341397524,69.63023335735004,73.12205327216846,1.529782940633595
development,32,gray_scott,correct,transformer,none,test,64,6,64,0.016820524071875703,0.013123314405009903,0.021397499157413218,0.12969396312811057,43.113414487646274,43.15571585289823,1.5247316914610565
development,32,gray_scott,correct,transformer,smooth,test,64,6,64,0.018535818578545898,0.013882283997901748,0.024380781005168432,0.1361463131287289,72.71769380771245,76.21379967864293,1.524726243223995
development,32,ks,coefficient,fno,none,test,64,6,64,0.02701678990113454,0.013746094329818685,0.04828458695931495,0.16436784935362067,25.474661851922672,25.508863172183435,1.253801817074418
development,32,ks,coefficient,fno,smooth,test,64,6,64,0.10068325265073859,0.06441041602708993,0.14699605790917694,0.31730624426685744,41.385593929948904,44.592618029254176,1.275335787795484
development,32,ks,coefficient,looped,none,test,64,6,64,0.6417572968844559,0.3268437423549586,1.1420158862187983,0.8010975576572781,38.942994286616646,38.981424583354965,1.5680603450164199
development,32,ks,coefficient,looped,smooth,test,64,6,64,0.4444507062483954,0.356664818262897,0.5413601113371551,0.6666713630030882,68.98003031305659,72.1913958870961,1.5743931056931615
development,32,ks,coefficient,transformer,none,test,64,6,64,0.9422125910968019,0.5717281430673569,1.386850640178164,0.9706763575449862,43.20425667443002,43.2472209041783,1.5512355719693005
development,32,ks,coefficient,transformer,smooth,test,64,6,64,0.3283971585123659,0.25813729439423583,0.4046826022863684,0.5730594720553582,73.49937257356942,76.71464557868119,1.553008088376373
development,32,ks,correct,fno,none,test,64,6,64,0.027114328001445254,0.013685482407725155,0.048699475999177996,0.1646642887861398,24.868850124146167,24.9029763196595,1.2562355492264032
development,32,ks,correct,fno,smooth,test,64,6,64,0.01478723677948623,0.006202985263673307,0.030414182737217934,0.12160278277854594,42.28679179446772,45.49646694865078,1.2403515516780317
development,32,ks,correct,looped,none,test,64,6,64,0.6417590423799143,0.3268450400327523,1.1420160729420803,0.8010986470965448,39.15360099279011,39.191879835290216,1.5545718488283455
development,32,ks,correct,looped,smooth,test,64,6,64,0.4323190522320918,0.29807715696269405,0.6181152296611867,0.657509735465637,69.94277446072859,73.15604692061122,1.5608950867317617
development,32,ks,correct,transformer,none,test,64,6,64,0.9422128653470313,0.5717301553123569,1.3868517307637804,0.9706764988125711,42.853026484604925,42.89551488837848,1.5553328092209995
development,32,ks,correct,transformer,smooth,test,64,6,64,0.9132761658862106,0.5807520400937245,1.3016328945808613,0.9556548361653441,73.35965639694284,76.57736987077321,1.547532097902149
resolution_g64,64,advection_diffusion,coefficient,fno,none,test,64,4,64,0.000446428768592374,0.0003454550324815901,0.0005556332197084074,0.021128861033959546,25.24184072529897,25.27669225016143,1.2602917035110295
resolution_g64,64,advection_diffusion,coefficient,fno,smooth,test,64,4,64,0.002054883564123682,0.0014517700564916415,0.0028014155000407512,0.04533082355443901,42.724939395091496,44.390321906423196,1.2656769715249538
resolution_g64,64,advection_diffusion,coefficient,looped,none,test,64,4,64,0.0038629084201143304,0.0032006666509550863,0.004553233666159449,0.06215230019970565,39.47785142553039,39.51699979859404,1.5799159067682922
resolution_g64,64,advection_diffusion,coefficient,looped,smooth,test,64,4,64,0.009022392936275547,0.0065266473423423454,0.012203831165441796,0.09498627762090452,70.45912540215068,72.1309570746962,1.5966489329002798
resolution_g64,64,advection_diffusion,coefficient,transformer,none,test,64,4,64,0.0016290375265280987,0.0012536186823462851,0.0020561341576616756,0.04036133702602156,43.16542616253719,43.210153258172795,1.5793664031662047
resolution_g64,64,advection_diffusion,coefficient,transformer,smooth,test,64,4,64,0.007364762067045505,0.0036851386305158,0.011961527431657185,0.08581819193530883,73.16627737646922,74.84102866833564,1.578871684614569
resolution_g64,64,advection_diffusion,correct,fno,none,test,64,4,64,0.0004353958452193989,0.00033507431273899,0.0005529497048054249,0.020866141119512224,25.234695325256325,25.270332995802164,1.2585432268679142
resolution_g64,64,advection_diffusion,correct,fno,smooth,test,64,4,64,0.0001507772125546301,9.596563063286734e-05,0.00022704250040455644,0.01227913728869541,42.78747345821466,44.42782523762435,1.2566967168822885
resolution_g64,64,advection_diffusion,correct,looped,none,test,64,4,64,0.0038628679517837827,0.003200654175185414,0.004553175048196715,0.062151974641066574,39.75419380236417,39.79370086174458,1.577272650320083
resolution_g64,64,advection_diffusion,correct,looped,smooth,test,64,4,64,0.004665021434605843,0.003438138960244665,0.00592880882088092,0.06830096217920976,69.83826490025967,71.4837303966051,1.5773594030179083
resolution_g64,64,advection_diffusion,correct,transformer,none,test,64,4,64,0.0016289262843475621,0.001253587788400096,0.002055911411942015,0.04035995892400737,43.15357780852355,43.19690667302348,1.5788473887369037
resolution_g64,64,advection_diffusion,correct,transformer,smooth,test,64,4,64,0.0018389460538037194,0.0013608586582871667,0.0023495676840318285,0.04288293429563466,73.77807762683369,75.42760069738142,1.5771421371027827
resolution_g64,64,allen_cahn,coefficient,fno,none,test,64,4,64,0.013463545766949534,0.009051457437316104,0.01764166442997443,0.11603252029905035,25.322841644636355,25.357245451654308,1.2894574902020395
resolution_g64,64,allen_cahn,coefficient,fno,smooth,test,64,4,64,0.000561304436022262,0.0003964510197742594,0.0008144002124598575,0.0236918643424755,43.009085569065064,46.26053974556271,1.2864567223004997
resolution_g64,64,allen_cahn,coefficient,looped,none,test,64,4,64,0.004590080832873933,0.0028906147530482914,0.0070131363725146854,0.0677501352978275,39.72885516809765,39.76842537499033,1.5772164217196405
resolution_g64,64,allen_cahn,coefficient,looped,smooth,test,64,4,64,0.0024689878878531163,0.0017385091227839517,0.003760460222891663,0.049688911115591136,70.28140836791135,73.53810877306387,1.5841952059417963
resolution_g64,64,allen_cahn,coefficient,transformer,none,test,64,4,64,0.0022382848136654754,0.0014719289948459384,0.0035114647615730908,0.04731051483196389,43.25923025631346,43.30299679376185,1.5770594240166247
resolution_g64,64,allen_cahn,coefficient,transformer,smooth,test,64,4,64,0.0014741853266620197,0.0009372984328138379,0.002325235640053793,0.03839512113097209,73.85987387935165,77.11992748454213,1.5764699317514896
resolution_g64,64,allen_cahn,correct,fno,none,test,64,4,64,0.013370710183213955,0.008983117161839416,0.01754174498339413,0.11563178707956544,25.155871438561007,25.19084601441864,1.2809042469598353
resolution_g64,64,allen_cahn,correct,fno,smooth,test,64,4,64,0.0002268041218828499,0.00015325657752853693,0.00032695066673681214,0.015060017326777878,42.59086273831781,45.87380880501587,1.2709522503428161
resolution_g64,64,allen_cahn,correct,looped,none,test,64,4,64,0.0045900809233599404,0.002890609365723581,0.007013152398540366,0.06775013596561959,39.679956153733656,39.72016127081588,1.5772016486153007
resolution_g64,64,allen_cahn,correct,looped,smooth,test,64,4,64,0.0021448376800388136,0.0014207382521990483,0.0032214245669141854,0.04631239229449083,70.0943652704591,73.38218099134974,1.5832309261895716
resolution_g64,64,allen_cahn,correct,transformer,none,test,64,4,64,0.002238284122659362,0.0014719274713807754,0.0035114639770094658,0.0473105075290824,43.22044836706482,43.26427483931184,1.574439147952944
resolution_g64,64,allen_cahn,correct,transformer,smooth,test,64,4,64,0.0013139786851761315,0.0008777813538508702,0.0019426944862081423,0.03624884391502895,73.27978719654493,76.57166629517451,1.5742623945698142
resolution_g64,64,wave,coefficient,fno,none,test,64,4,64,0.0003730382182466365,0.00031430322595749934,0.00043548840828164817,0.01931419732338459,25.218892073142342,25.25335628259927,1.3179865316487849
resolution_g64,64,wave,coefficient,fno,smooth,test,64,4,64,0.0023692450337140653,0.001652449286626942,0.0032093556932661477,0.04867489120392633,42.87336381722707,46.26552612252999,1.263430225662887
resolution_g64,64,wave,coefficient,looped,none,test,64,4,64,0.0026134766703419868,0.002110604190603206,0.0032391497726597393,0.05112217395946681,39.83101120905485,39.871266173082404,1.5768911456689239
resolution_g64,64,wave,coefficient,looped,smooth,test,64,4,64,0.005472019749735768,0.004271239919356369,0.006800820796253319,0.07397310152843241,70.77296870423015,74.16993773938157,1.5726123936474323
resolution_g64,64,wave,coefficient,transformer,none,test,64,4,64,0.002481514295221976,0.002000283813827006,0.0030271445785123117,0.049814799961677814,43.46465536742471,43.509012560825795,1.5672791516408324
resolution_g64,64,wave,coefficient,transformer,smooth,test,64,4,64,0.005897740366637538,0.004743726493823142,0.0073858257264516995,0.07679674710974117,73.92313746130094,77.32454290438909,1.5690601547248662
resolution_g64,64,wave,correct,fno,none,test,64,4,64,0.0003730363878338915,0.0003143030788525931,0.00043548840828164817,0.019314149938164285,25.427673994912766,25.46289946581237,1.3861125451512635
resolution_g64,64,wave,correct,fno,smooth,test,64,4,64,0.00013402154539991665,0.00010297617458771745,0.00017559875030157573,0.011576767484920678,42.907691781641915,46.31579996494111,1.3185827527195215
resolution_g64,64,wave,correct,looped,none,test,64,4,64,0.0026134825030961414,0.002110614179778783,0.0032391415946003105,0.0511222310066388,40.12847349839285,40.16865773766767,1.5775061445310712
resolution_g64,64,wave,correct,looped,smooth,test,64,4,64,0.0025256463027838183,0.0019409444344409281,0.0032659303575302847,0.05025580864719837,70.52978415344842,73.94338951527607,1.5831579104997218
resolution_g64,64,wave,correct,transformer,none,test,64,4,64,0.0024834000814140805,0.002001404816036606,0.003029971666534645,0.04983372433818368,43.05053738504648,43.09468336380087,1.5943236532621086
resolution_g64,64,wave,correct,transformer,smooth,test,64,4,64,0.002012938778039132,0.001621419505833805,0.002465115445034305,0.04486578627461166,73.812921706005,77.23039357666858,1.573927653953433
selector_g64,64,cahn_hilliard,coefficient,fno,none,test,64,6,64,4.568056205063195e-05,3.4622635779936254e-05,5.825248701698724e-05,0.00675873967915853,25.328269887017086,25.362915674534936,1.2786685372702777
selector_g64,64,cahn_hilliard,coefficient,fno,smooth,test,64,6,64,0.00040331678201644994,0.0003045347962328892,0.000521851376384503,0.020082748368100665,42.59244354829813,46.09515468783987,1.2773720198310912
selector_g64,64,cahn_hilliard,coefficient,looped,none,test,64,6,64,0.005936550572527774,0.00449340324875844,0.007670997293535057,0.07704901409186087,39.54708478584265,39.58612943564852,1.6111545264720917
selector_g64,64,cahn_hilliard,coefficient,looped,smooth,test,64,6,64,0.008373599254950933,0.006750094204890809,0.010125874310356926,0.09150737268084431,70.18402572131406,73.69112472600925,1.6062079928815365
selector_g64,64,cahn_hilliard,coefficient,transformer,none,test,64,6,64,0.004084385074384678,0.002898892940870989,0.005572007008256037,0.0639091939738304,43.43261189417293,43.47625935962424,1.6052293009124696
selector_g64,64,cahn_hilliard,coefficient,transformer,smooth,test,64,6,64,0.00469901395920476,0.0039775451140261105,0.0055062704304140375,0.0685493541851764,73.87966489396058,77.39225912637387,1.5851215575821698
selector_g64,64,cahn_hilliard,correct,fno,none,test,64,6,64,4.6968038146630204e-05,3.608656721038566e-05,5.944722632240641e-05,0.00685332314622842,25.241873094346374,25.277012904407457,1.2634262791834772
selector_g64,64,cahn_hilliard,correct,fno,smooth,test,64,6,64,2.9142350279843772e-05,2.2285180349836696e-05,3.7957018428597694e-05,0.005398365519288572,42.619354295311496,46.14386448233078,1.2648837524466217
selector_g64,64,cahn_hilliard,correct,looped,none,test,64,6,64,0.00593654837935688,0.004493410004563623,0.007670984814958762,0.07704899985954963,39.77850366414835,39.81810554854261,1.5929110231809318
selector_g64,64,cahn_hilliard,correct,looped,smooth,test,64,6,64,0.004077548477607955,0.0028915417978298,0.005513360663605491,0.0638556847712712,70.18158377800137,73.71036769667019,1.592525525484234
selector_g64,64,cahn_hilliard,correct,transformer,none,test,64,6,64,0.004084380733209904,0.002898892646933119,0.0055720035555377875,0.06390916001020436,43.46604075391466,43.50960965726214,1.5928382868878543
selector_g64,64,cahn_hilliard,correct,transformer,smooth,test,64,6,64,0.0026882936452468503,0.0021599521550688407,0.0033418723093050187,0.05184875741275629,73.60530172979149,77.13981768170682,1.6112323035486042
selector_g64,64,cahn_hilliard,structural,fno,none,test,64,6,64,4.6968038146630204e-05,3.608656721038566e-05,5.944722632240641e-05,0.00685332314622842,25.34065922962812,25.37575652434801,1.2710515060462058
selector_g64,64,cahn_hilliard,structural,fno,smooth,test,64,6,64,0.00042119297811346444,0.00033836704919472876,0.0005202812656028018,0.020522986578796577,42.393347803270444,45.67640800649921,1.2788895634002984
selector_g64,64,cahn_hilliard,structural,looped,none,test,64,6,64,0.00593654837935688,0.004493410004563623,0.007670984814958762,0.07704899985954963,39.4426044827948,39.48218010932518,1.61853504832834
selector_g64,64,cahn_hilliard,structural,looped,smooth,test,64,6,64,0.010126985466734371,0.00771094627733523,0.012824269585625882,0.10063292436739762,69.99693630620216,73.28435067692772,1.5953695285134017
selector_g64,64,cahn_hilliard,structural,transformer,none,test,64,6,64,0.004084380733209904,0.002898892646933119,0.0055720035555377875,0.06390916001020436,43.2062674141489,43.25009736985279,1.577428518794477
selector_g64,64,cahn_hilliard,structural,transformer,smooth,test,64,6,64,0.00639871739561148,0.005200994529291777,0.0077529020957941355,0.0799919833209021,73.9944428241967,77.28750739588092,1.5720940427854657
selector_g64,64,fitzhugh_nagumo,coefficient,fno,none,test,64,6,64,0.0005070637675003963,0.0003293665134044857,0.000731305875412497,0.022518076460932367,25.23434611572884,25.268852677351486,1.259052287787199
selector_g64,64,fitzhugh_nagumo,coefficient,fno,smooth,test,64,6,64,0.0006298184853579074,0.0005049627262671423,0.0007696920866320373,0.025096184677315142,42.8840195533509,46.85593254383033,1.2568602804094553
selector_g64,64,fitzhugh_nagumo,coefficient,looped,none,test,64,6,64,0.018997358879911535,0.012107171006532,0.027547153392252145,0.13783090683845745,39.6397314327769,39.68055658042431,1.5847862814553082
selector_g64,64,fitzhugh_nagumo,coefficient,looped,smooth,test,64,6,64,0.01720177768561835,0.01115633925013385,0.025129468243950605,0.13115554767381496,69.84856260940433,73.82608989470948,1.5677595627494156
selector_g64,64,fitzhugh_nagumo,coefficient,transformer,none,test,64,6,64,0.012317135828642495,0.009091757563925763,0.016036985550932605,0.1109825924577476,43.58603665768169,43.630228870703526,1.5790442819707096
selector_g64,64,fitzhugh_nagumo,coefficient,transformer,smooth,test,64,6,64,0.010926536896467285,0.008552088738305035,0.013655144039441864,0.10453007651612661,73.43879180060078,77.42100085620768,1.575748750474304
selector_g64,64,fitzhugh_nagumo,correct,fno,none,test,64,6,64,0.0005038357312551391,0.0003319352646868179,0.0007159925881443376,0.022446285466756834,25.279658279769745,25.314103176584467,1.269056007731706
selector_g64,64,fitzhugh_nagumo,correct,fno,smooth,test,64,6,64,0.0004509334446988593,0.0003294380576092292,0.0005901175117991492,0.021235193540414445,42.60506485030055,46.613091118788965,1.2819992611184716
selector_g64,64,fitzhugh_nagumo,correct,looped,none,test,64,6,64,0.018997376289588586,0.012107180285292576,0.0275472252781808,0.13783096999436878,39.4606023527837,39.500714774243534,1.5965330530889332
selector_g64,64,fitzhugh_nagumo,correct,looped,smooth,test,64,6,64,0.01566752261026033,0.010424413260211133,0.022543748064733686,0.1251699748752085,70.24246808087143,74.25607996340841,1.5932765323668718
selector_g64,64,fitzhugh_nagumo,correct,transformer,none,test,64,6,64,0.012317133254565562,0.009091753578047283,0.016036962252342458,0.1109825808609872,43.22752581032304,43.27184052222098,1.5833342680707574
selector_g64,64,fitzhugh_nagumo,correct,transformer,smooth,test,64,6,64,0.01048360825575966,0.008234902171647372,0.013071543978019282,0.10238949289726783,74.35748167716277,78.37612888721439,1.5920350328087807
selector_g64,64,fitzhugh_nagumo,structural,fno,none,test,64,6,64,0.0005038357312551391,0.0003319352646868179,0.0007159925881443376,0.022446285466756834,25.025310362689197,25.06008428676675,1.2566522578708827
selector_g64,64,fitzhugh_nagumo,structural,fno,smooth,test,64,6,64,0.01407154042305031,0.00945726913524583,0.018936599109607172,0.118623523902514,42.65954149413543,46.69918141219144,1.2568870442919433
selector_g64,64,fitzhugh_nagumo,structural,looped,none,test,64,6,64,0.018997376289588586,0.012107180285292576,0.0275472252781808,0.13783096999436878,39.48239777221655,39.52293698869956,1.5727525460533798
selector_g64,64,fitzhugh_nagumo,structural,looped,smooth,test,64,6,64,0.08925256516034345,0.06467459290176275,0.11602400414562021,0.2987516780879121,70.28414338439082,74.32967905203502,1.576780527830124
selector_g64,64,fitzhugh_nagumo,structural,transformer,none,test,64,6,64,0.012317133254565562,0.009091753578047283,0.016036962252342458,0.1109825808609872,43.38119576537671,43.42488803124676,1.5783602953888476
selector_g64,64,fitzhugh_nagumo,structural,transformer,smooth,test,64,6,64,0.08927993866326238,0.05664053313726794,0.1358574112522558,0.29879748771243436,73.6674218963987,77.71760401246138,1.5838900348171592
development,32,burgers,coefficient,mechanistic,,test,64,0,64,0.017123447088257304,0.012731554863964023,0.02228862003584089,0.13085658977773074,0.0,,
development,32,burgers,correct,mechanistic,,test,64,0,64,2.4338614891118654e-11,5.58908379958259e-12,4.914583203068129e-11,4.933418175172124e-06,0.0,,
development,32,gray_scott,coefficient,mechanistic,,test,64,0,64,0.7340474576230349,0.6950040177449172,0.7740461396421147,0.8567656958720015,0.0,,
development,32,gray_scott,correct,mechanistic,,test,64,0,64,1.9796401041082864e-11,1.678111076853175e-11,2.320032159827079e-11,4.449314670944601e-06,0.0,,
development,32,ks,coefficient,mechanistic,,test,64,0,64,0.5864891998136557,0.4984727991871942,0.6750782908334088,0.7658258286409878,0.0,,
development,32,ks,correct,mechanistic,,test,64,0,64,2.4466611887692054e-07,9.155835454130354e-08,5.087319435671822e-07,0.0004946373609796581,0.0,,
resolution_g64,64,advection_diffusion,coefficient,mechanistic,,test,64,0,64,0.6843451949922859,0.5536766532615343,0.830032044992354,0.8272515911089479,0.0,,
resolution_g64,64,advection_diffusion,correct,mechanistic,,test,64,0,64,2.9301991684989413e-12,2.0791952759899267e-12,3.91641114234012e-12,1.711782453613467e-06,0.0,,
resolution_g64,64,allen_cahn,coefficient,mechanistic,,test,64,0,64,0.005892335089258793,0.0034991490176598194,0.010164626373259364,0.07676154694414902,0.0,,
resolution_g64,64,allen_cahn,correct,mechanistic,,test,64,0,64,1.7511839457505798e-12,1.5450672416779045e-12,1.9754699079157733e-12,1.3233230693034032e-06,0.0,,
resolution_g64,64,wave,coefficient,mechanistic,,test,64,0,64,0.4135507871999593,0.36878896557586993,0.4615024080586,0.6430791453623413,0.0,,
resolution_g64,64,wave,correct,mechanistic,,test,64,0,64,4.457002186911351e-12,3.825462790917661e-12,5.149146391790135e-12,2.1111613360686937e-06,0.0,,
selector_g64,64,cahn_hilliard,coefficient,mechanistic,,test,64,0,64,0.11407906138970425,0.09267244150149821,0.13740451436904288,0.3377559198440558,0.0,,
selector_g64,64,cahn_hilliard,correct,mechanistic,,test,64,0,64,3.0924970280116437e-12,2.4405912511168854e-12,3.785933256525694e-12,1.7585496944959059e-06,0.0,,
selector_g64,64,cahn_hilliard,structural,mechanistic,,test,64,0,64,0.2673796713480453,0.16461764179085972,0.40585313984807936,0.5170876824563173,0.0,,
selector_g64,64,fitzhugh_nagumo,coefficient,mechanistic,,test,64,0,64,0.03141501721936013,0.026632456643883473,0.03668811935407516,0.17724281993739585,0.0,,
selector_g64,64,fitzhugh_nagumo,correct,mechanistic,,test,64,0,64,3.6728313592948177e-11,3.3149418401340986e-11,4.05657937657558e-11,6.060388897830582e-06,0.0,,
selector_g64,64,fitzhugh_nagumo,structural,mechanistic,,test,64,0,64,1.6198745177830176,1.5061958530918858,1.7398647555789322,1.2727429111108879,0.0,,
