job_id,stage,batch_size,block_ms_per_batch_step,calibration_multiplication_included,family,fitted_global_multiplier_count,grid,kind,max_ms_per_batch_step,median_ms_per_batch_step,min_ms_per_batch_step,parameter_count,parameter_count_convention,prior,timing_source,weights
development__advection_diffusion__coefficient,development,1,"[0.18798225, 0.19911655, 0.20508255, 0.2001536, 0.186804]",False,advection_diffusion,0,32,physics_uncalibrated,0.20508255,0.19911655,0.186804,,,coefficient,fresh_matched_execution_benchmark,physical coefficients supplied per trajectory
development__advection_diffusion__coefficient,development,1,"[0.2139483, 0.1894345, 0.19987515, 0.1892692, 0.218705]",True,advection_diffusion,3,32,physics_calibrated,0.218705,0.19987515,0.1892692,,,coefficient,fresh_matched_execution_benchmark,physical coefficients supplied per trajectory
development__advection_diffusion__coefficient,development,1,"[1.1023338, 1.08013885, 1.06697755, 1.0583952, 1.09315595]",False,advection_diffusion,0,32,transformer,1.1023338,1.08013885,1.0583952,100993,real scalar equivalents; complex neural weights count twice,coefficient,fresh_matched_execution_benchmark,initialized; no checkpoint; no training
development__advection_diffusion__coefficient,development,1,"[1.1052241, 1.0900658, 1.11063775, 1.11859675, 1.1270785]",False,advection_diffusion,0,32,looped,1.1270785,1.11063775,1.0900658,34049,real scalar equivalents; complex neural weights count twice,coefficient,fresh_matched_execution_benchmark,initialized; no checkpoint; no training
development__advection_diffusion__coefficient,development,1,"[0.63302925, 0.64751905, 0.6424304, 0.6506508, 0.65181405]",False,advection_diffusion,0,32,fno,0.65181405,0.64751905,0.63302925,209985,real scalar equivalents; complex neural weights count twice,coefficient,fresh_matched_execution_benchmark,initialized; no checkpoint; no training
development__advection_diffusion__correct,development,1,"[0.2675355, 0.2251938, 0.2118192, 0.2188207, 0.19865785]",False,advection_diffusion,0,32,physics_uncalibrated,0.2675355,0.2188207,0.19865785,,,correct,fresh_matched_execution_benchmark,physical coefficients supplied per trajectory
development__advection_diffusion__correct,development,1,"[0.26708135, 0.2594258, 0.2101592, 0.20368845, 0.20248915]",True,advection_diffusion,3,32,physics_calibrated,0.26708135,0.2101592,0.20248915,,,correct,fresh_matched_execution_benchmark,physical coefficients supplied per trajectory
development__advection_diffusion__correct,development,1,"[1.0847679, 1.23980225, 1.06694225, 1.0869713, 1.0884911]",False,advection_diffusion,0,32,transformer,1.23980225,1.0869713,1.06694225,100993,real scalar equivalents; complex neural weights count twice,correct,fresh_matched_execution_benchmark,initialized; no checkpoint; no training
development__advection_diffusion__correct,development,1,"[1.1532936, 1.1188718, 1.0916073, 1.0838251, 1.1776217]",False,advection_diffusion,0,32,looped,1.1776217,1.1188718,1.0838251,34049,real scalar equivalents; complex neural weights count twice,correct,fresh_matched_execution_benchmark,initialized; no checkpoint; no training
development__advection_diffusion__correct,development,1,"[0.63587015, 0.763367, 0.67163295, 0.68067105, 0.67247825]",False,advection_diffusion,0,32,fno,0.763367,0.67247825,0.63587015,209985,real scalar equivalents; complex neural weights count twice,correct,fresh_matched_execution_benchmark,initialized; no checkpoint; no training
development__allen_cahn__coefficient,development,1,"[0.5758964, 0.53925375, 0.43788325, 0.4557166, 0.43693435]",False,allen_cahn,0,32,physics_uncalibrated,0.5758964,0.4557166,0.43693435,,,coefficient,fresh_matched_execution_benchmark,physical coefficients supplied per trajectory
development__allen_cahn__coefficient,development,1,"[0.49573535, 0.4620917, 0.44907565, 0.44915775, 0.43647715]",True,allen_cahn,3,32,physics_calibrated,0.49573535,0.44915775,0.43647715,,,coefficient,fresh_matched_execution_benchmark,physical coefficients supplied per trajectory
development__allen_cahn__coefficient,development,1,"[1.07744545, 1.265901, 1.3246579, 1.10103695, 1.1150751]",False,allen_cahn,0,32,transformer,1.3246579,1.1150751,1.07744545,100993,real scalar equivalents; complex neural weights count twice,coefficient,fresh_matched_execution_benchmark,initialized; no checkpoint; no training
development__allen_cahn__coefficient,development,1,"[1.0953519, 1.17394015, 1.1134702, 1.10391435, 1.1290251]",False,allen_cahn,0,32,looped,1.17394015,1.1134702,1.0953519,34049,real scalar equivalents; complex neural weights count twice,coefficient,fresh_matched_execution_benchmark,initialized; no checkpoint; no training
development__allen_cahn__coefficient,development,1,"[0.66844065, 0.67775315, 0.62693775, 0.6559303, 0.643411]",False,allen_cahn,0,32,fno,0.67775315,0.6559303,0.62693775,209985,real scalar equivalents; complex neural weights count twice,coefficient,fresh_matched_execution_benchmark,initialized; no checkpoint; no training
development__allen_cahn__correct,development,1,"[0.45347625, 0.4526645, 0.48028505, 0.61727215, 0.4458257]",False,allen_cahn,0,32,physics_uncalibrated,0.61727215,0.45347625,0.4458257,,,correct,fresh_matched_execution_benchmark,physical coefficients supplied per trajectory
development__allen_cahn__correct,development,1,"[0.4724663, 0.46333805, 0.46166405, 0.4860793, 0.4363239]",True,allen_cahn,3,32,physics_calibrated,0.4860793,0.46333805,0.4363239,,,correct,fresh_matched_execution_benchmark,physical coefficients supplied per trajectory
development__allen_cahn__correct,development,1,"[1.16379795, 1.0964851, 1.14544875, 1.1379455, 1.1522791]",False,allen_cahn,0,32,transformer,1.16379795,1.14544875,1.0964851,100993,real scalar equivalents; complex neural weights count twice,correct,fresh_matched_execution_benchmark,initialized; no checkpoint; no training
development__allen_cahn__correct,development,1,"[1.142271, 1.26760455, 1.12648425, 1.17015495, 1.0861756]",False,allen_cahn,0,32,looped,1.26760455,1.142271,1.0861756,34049,real scalar equivalents; complex neural weights count twice,correct,fresh_matched_execution_benchmark,initialized; no checkpoint; no training
development__allen_cahn__correct,development,1,"[0.6331105, 0.70931415, 0.6634326, 0.67737555, 0.6473178]",False,allen_cahn,0,32,fno,0.70931415,0.6634326,0.6331105,209985,real scalar equivalents; complex neural weights count twice,correct,fresh_matched_execution_benchmark,initialized; no checkpoint; no training
development__burgers__coefficient,development,1,"[0.5296338, 0.5318231, 0.5064229, 0.53631335, 0.49006375]",False,burgers,0,32,physics_uncalibrated,0.53631335,0.5296338,0.49006375,,,coefficient,fresh_matched_execution_benchmark,physical coefficients supplied per trajectory
development__burgers__coefficient,development,1,"[0.5542854, 0.49457605, 0.5352673, 0.49149795, 0.54923525]",True,burgers,3,32,physics_calibrated,0.5542854,0.5352673,0.49149795,,,coefficient,fresh_matched_execution_benchmark,physical coefficients supplied per trajectory
development__burgers__coefficient,development,1,"[1.1247331, 1.18556915, 1.17170675, 1.4736145, 1.17379365]",False,burgers,0,32,transformer,1.4736145,1.17379365,1.1247331,100993,real scalar equivalents; complex neural weights count twice,coefficient,fresh_matched_execution_benchmark,initialized; no checkpoint; no training
development__burgers__coefficient,development,1,"[1.0877875, 1.0846999, 1.2990539, 1.4492075, 1.28806735]",False,burgers,0,32,looped,1.4492075,1.28806735,1.0846999,34049,real scalar equivalents; complex neural weights count twice,coefficient,fresh_matched_execution_benchmark,initialized; no checkpoint; no training
development__burgers__coefficient,development,1,"[0.6260764, 0.64119965, 0.6830451, 0.77326285, 0.76945765]",False,burgers,0,32,fno,0.77326285,0.6830451,0.6260764,209985,real scalar equivalents; complex neural weights count twice,coefficient,fresh_matched_execution_benchmark,initialized; no checkpoint; no training
development__burgers__correct,development,1,"[0.6125936, 0.600208, 0.5604682, 0.5291371, 0.628797]",False,burgers,0,32,physics_uncalibrated,0.628797,0.600208,0.5291371,,,correct,fresh_matched_execution_benchmark,physical coefficients supplied per trajectory
development__burgers__correct,development,1,"[0.56340915, 0.55671205, 0.5389268, 0.50228465, 0.5954108]",True,burgers,3,32,physics_calibrated,0.5954108,0.55671205,0.50228465,,,correct,fresh_matched_execution_benchmark,physical coefficients supplied per trajectory
development__burgers__correct,development,1,"[1.1486236, 1.26435715, 1.19560775, 1.29558665, 1.33658535]",False,burgers,0,32,transformer,1.33658535,1.26435715,1.1486236,100993,real scalar equivalents; complex neural weights count twice,correct,fresh_matched_execution_benchmark,initialized; no checkpoint; no training
development__burgers__correct,development,1,"[1.18584355, 1.1506316, 1.32237095, 1.19971445, 1.22007255]",False,burgers,0,32,looped,1.32237095,1.19971445,1.1506316,34049,real scalar equivalents; complex neural weights count twice,correct,fresh_matched_execution_benchmark,initialized; no checkpoint; no training
development__burgers__correct,development,1,"[0.69582885, 0.69816885, 0.67690185, 0.7617375, 0.7002039]",False,burgers,0,32,fno,0.7617375,0.69816885,0.67690185,209985,real scalar equivalents; complex neural weights count twice,correct,fresh_matched_execution_benchmark,initialized; no checkpoint; no training
development__gray_scott__coefficient,development,1,"[0.5335537, 0.7215225, 0.6465858, 0.54195335, 0.9730134]",False,gray_scott,0,32,physics_uncalibrated,0.9730134,0.6465858,0.5335537,,,coefficient,fresh_matched_execution_benchmark,physical coefficients supplied per trajectory
development__gray_scott__coefficient,development,1,"[0.59120345, 0.5907713, 0.53120965, 0.59989005, 0.53136395]",True,gray_scott,3,32,physics_calibrated,0.59989005,0.5907713,0.53120965,,,coefficient,fresh_matched_execution_benchmark,physical coefficients supplied per trajectory
development__gray_scott__coefficient,development,1,"[1.22670055, 1.2023854, 1.26107475, 1.3665795, 1.3487371]",False,gray_scott,0,32,transformer,1.3665795,1.26107475,1.2023854,101122,real scalar equivalents; complex neural weights count twice,coefficient,fresh_matched_execution_benchmark,initialized; no checkpoint; no training
development__gray_scott__coefficient,development,1,"[1.16313035, 1.2082022, 1.263934, 1.30367485, 1.15341725]",False,gray_scott,0,32,looped,1.30367485,1.2082022,1.15341725,34178,real scalar equivalents; complex neural weights count twice,coefficient,fresh_matched_execution_benchmark,initialized; no checkpoint; no training
development__gray_scott__coefficient,development,1,"[1.0075859, 0.7924502, 0.6784327, 0.7691036, 0.7043857]",False,gray_scott,0,32,fno,1.0075859,0.7691036,0.6784327,210306,real scalar equivalents; complex neural weights count twice,coefficient,fresh_matched_execution_benchmark,initialized; no checkpoint; no training
development__gray_scott__correct,development,1,"[0.60159705, 0.59446935, 0.51860475, 0.629138, 0.51071585]",False,gray_scott,0,32,physics_uncalibrated,0.629138,0.59446935,0.51071585,,,correct,fresh_matched_execution_benchmark,physical coefficients supplied per trajectory
development__gray_scott__correct,development,1,"[0.5438978, 0.54110405, 0.55089225, 0.5152206, 0.55678715]",True,gray_scott,3,32,physics_calibrated,0.55678715,0.5438978,0.5152206,,,correct,fresh_matched_execution_benchmark,physical coefficients supplied per trajectory
development__gray_scott__correct,development,1,"[1.10489275, 1.1374227, 1.05836475, 1.0643583, 1.0763103]",False,gray_scott,0,32,transformer,1.1374227,1.0763103,1.05836475,101122,real scalar equivalents; complex neural weights count twice,correct,fresh_matched_execution_benchmark,initialized; no checkpoint; no training
development__gray_scott__correct,development,1,"[1.08764435, 1.1500357, 1.0700874, 1.066512, 1.06249345]",False,gray_scott,0,32,looped,1.1500357,1.0700874,1.06249345,34178,real scalar equivalents; complex neural weights count twice,correct,fresh_matched_execution_benchmark,initialized; no checkpoint; no training
development__gray_scott__correct,development,1,"[0.6406433, 0.65226735, 0.63012955, 0.64922725, 0.62491715]",False,gray_scott,0,32,fno,0.65226735,0.6406433,0.62491715,210306,real scalar equivalents; complex neural weights count twice,correct,fresh_matched_execution_benchmark,initialized; no checkpoint; no training
development__ks__coefficient,development,1,"[0.50547195, 0.51265225, 0.5113453, 0.51608945, 0.50034525]",False,ks,0,32,physics_uncalibrated,0.51608945,0.5113453,0.50034525,,,coefficient,fresh_matched_execution_benchmark,physical coefficients supplied per trajectory
development__ks__coefficient,development,1,"[0.5432037, 0.50267375, 0.5197339, 0.52147305, 0.52660525]",True,ks,3,32,physics_calibrated,0.5432037,0.52147305,0.50267375,,,coefficient,fresh_matched_execution_benchmark,physical coefficients supplied per trajectory
development__ks__coefficient,development,1,"[1.063517, 1.0857785, 1.0719582, 1.0702091, 1.0749807]",False,ks,0,32,transformer,1.0857785,1.0719582,1.063517,100993,real scalar equivalents; complex neural weights count twice,coefficient,fresh_matched_execution_benchmark,initialized; no checkpoint; no training
development__ks__coefficient,development,1,"[1.05839275, 1.0696983, 1.09085315, 1.0617689, 1.06934875]",False,ks,0,32,looped,1.09085315,1.06934875,1.05839275,34049,real scalar equivalents; complex neural weights count twice,coefficient,fresh_matched_execution_benchmark,initialized; no checkpoint; no training
development__ks__coefficient,development,1,"[0.63459225, 0.62638285, 0.62618855, 0.63083305, 0.6385637]",False,ks,0,32,fno,0.6385637,0.63083305,0.62618855,209985,real scalar equivalents; complex neural weights count twice,coefficient,fresh_matched_execution_benchmark,initialized; no checkpoint; no training
development__ks__correct,development,1,"[0.49933225, 0.50907985, 0.5151766, 0.5438462, 0.499835]",False,ks,0,32,physics_uncalibrated,0.5438462,0.50907985,0.49933225,,,correct,fresh_matched_execution_benchmark,physical coefficients supplied per trajectory
development__ks__correct,development,1,"[0.53835545, 0.49895415, 0.52125375, 0.4980999, 0.51570085]",True,ks,3,32,physics_calibrated,0.53835545,0.51570085,0.4980999,,,correct,fresh_matched_execution_benchmark,physical coefficients supplied per trajectory
development__ks__correct,development,1,"[1.0646858, 1.08240595, 1.06287055, 1.1185889, 1.0870013]",False,ks,0,32,transformer,1.1185889,1.08240595,1.06287055,100993,real scalar equivalents; complex neural weights count twice,correct,fresh_matched_execution_benchmark,initialized; no checkpoint; no training
development__ks__correct,development,1,"[1.07844445, 1.0680708, 1.0653798, 1.05186895, 1.06318755]",False,ks,0,32,looped,1.07844445,1.0653798,1.05186895,34049,real scalar equivalents; complex neural weights count twice,correct,fresh_matched_execution_benchmark,initialized; no checkpoint; no training
development__ks__correct,development,1,"[0.63522115, 0.6424946, 0.6210864, 0.64811155, 0.62495425]",False,ks,0,32,fno,0.64811155,0.63522115,0.6210864,209985,real scalar equivalents; complex neural weights count twice,correct,fresh_matched_execution_benchmark,initialized; no checkpoint; no training
development__wave__coefficient,development,1,"[0.2301813, 0.24523945, 0.23407765, 0.2387467, 0.2258498]",False,wave,0,32,physics_uncalibrated,0.24523945,0.23407765,0.2258498,,,coefficient,fresh_matched_execution_benchmark,physical coefficients supplied per trajectory
development__wave__coefficient,development,1,"[0.2375604, 0.22667705, 0.2442745, 0.2305213, 0.2412279]",True,wave,3,32,physics_calibrated,0.2442745,0.2375604,0.22667705,,,coefficient,fresh_matched_execution_benchmark,physical coefficients supplied per trajectory
development__wave__coefficient,development,1,"[1.0806698, 1.09078405, 1.06487155, 1.06346945, 1.0944005]",False,wave,0,32,transformer,1.0944005,1.0806698,1.06346945,101122,real scalar equivalents; complex neural weights count twice,coefficient,fresh_matched_execution_benchmark,initialized; no checkpoint; no training
development__wave__coefficient,development,1,"[1.0581635, 1.07940495, 1.0748711, 1.05929815, 1.07244545]",False,wave,0,32,looped,1.07940495,1.07244545,1.0581635,34178,real scalar equivalents; complex neural weights count twice,coefficient,fresh_matched_execution_benchmark,initialized; no checkpoint; no training
development__wave__coefficient,development,1,"[0.65660935, 0.66305005, 0.6296057, 0.62854205, 0.6445056]",False,wave,0,32,fno,0.66305005,0.6445056,0.62854205,210306,real scalar equivalents; complex neural weights count twice,coefficient,fresh_matched_execution_benchmark,initialized; no checkpoint; no training
development__wave__correct,development,1,"[0.2296089, 0.23814025, 0.23972015, 0.23778075, 0.2278112]",False,wave,0,32,physics_uncalibrated,0.23972015,0.23778075,0.2278112,,,correct,fresh_matched_execution_benchmark,physical coefficients supplied per trajectory
development__wave__correct,development,1,"[0.2396651, 0.2288698, 0.24059395, 0.22731345, 0.2441253]",True,wave,3,32,physics_calibrated,0.2441253,0.2396651,0.22731345,,,correct,fresh_matched_execution_benchmark,physical coefficients supplied per trajectory
development__wave__correct,development,1,"[1.08567785, 1.0985367, 1.06313645, 1.09802445, 1.0969478]",False,wave,0,32,transformer,1.0985367,1.0969478,1.06313645,101122,real scalar equivalents; complex neural weights count twice,correct,fresh_matched_execution_benchmark,initialized; no checkpoint; no training
development__wave__correct,development,1,"[1.0760559, 1.0743703, 1.0811916, 1.0508099, 1.08349155]",False,wave,0,32,looped,1.08349155,1.0760559,1.0508099,34178,real scalar equivalents; complex neural weights count twice,correct,fresh_matched_execution_benchmark,initialized; no checkpoint; no training
development__wave__correct,development,1,"[0.62590165, 0.62975395, 0.6303313, 0.6409984, 0.6216022]",False,wave,0,32,fno,0.6409984,0.62975395,0.6216022,210306,real scalar equivalents; complex neural weights count twice,correct,fresh_matched_execution_benchmark,initialized; no checkpoint; no training
resolution_g32__advection_diffusion__coefficient,resolution_g32,1,"[0.19752565, 0.2033424, 0.1954766, 0.2010685, 0.1891676]",False,advection_diffusion,0,32,physics_uncalibrated,0.2033424,0.19752565,0.1891676,,,coefficient,fresh_matched_execution_benchmark,physical coefficients supplied per trajectory
resolution_g32__advection_diffusion__coefficient,resolution_g32,1,"[0.2170991, 0.19098235, 0.208736, 0.1885852, 0.20291775]",True,advection_diffusion,3,32,physics_calibrated,0.2170991,0.20291775,0.1885852,,,coefficient,fresh_matched_execution_benchmark,physical coefficients supplied per trajectory
resolution_g32__advection_diffusion__coefficient,resolution_g32,1,"[1.0896043, 1.0886318, 1.07721635, 1.0543347, 1.0747539]",False,advection_diffusion,0,32,transformer,1.0896043,1.07721635,1.0543347,100993,real scalar equivalents; complex neural weights count twice,coefficient,fresh_matched_execution_benchmark,initialized; no checkpoint; no training
resolution_g32__advection_diffusion__coefficient,resolution_g32,1,"[1.0909087, 1.0811806, 1.06731875, 1.05250845, 1.06477295]",False,advection_diffusion,0,32,looped,1.0909087,1.06731875,1.05250845,34049,real scalar equivalents; complex neural weights count twice,coefficient,fresh_matched_execution_benchmark,initialized; no checkpoint; no training
resolution_g32__advection_diffusion__coefficient,resolution_g32,1,"[0.6298947, 0.6275807, 0.62972735, 0.6270729, 0.62300575]",False,advection_diffusion,0,32,fno,0.6298947,0.6275807,0.62300575,209985,real scalar equivalents; complex neural weights count twice,coefficient,fresh_matched_execution_benchmark,initialized; no checkpoint; no training
resolution_g32__advection_diffusion__correct,resolution_g32,1,"[0.189108, 0.19712505, 0.19622075, 0.20130385, 0.1853428]",False,advection_diffusion,0,32,physics_uncalibrated,0.20130385,0.19622075,0.1853428,,,correct,fresh_matched_execution_benchmark,physical coefficients supplied per trajectory
resolution_g32__advection_diffusion__correct,resolution_g32,1,"[0.20336345, 0.1877074, 0.20083365, 0.1889783, 0.20389275]",True,advection_diffusion,3,32,physics_calibrated,0.20389275,0.20083365,0.1877074,,,correct,fresh_matched_execution_benchmark,physical coefficients supplied per trajectory
resolution_g32__advection_diffusion__correct,resolution_g32,1,"[1.06205785, 1.07894275, 1.06334375, 1.06387855, 1.08573995]",False,advection_diffusion,0,32,transformer,1.08573995,1.06387855,1.06205785,100993,real scalar equivalents; complex neural weights count twice,correct,fresh_matched_execution_benchmark,initialized; no checkpoint; no training
resolution_g32__advection_diffusion__correct,resolution_g32,1,"[1.0594709, 1.0767424, 1.0642171, 1.0667664, 1.0663989]",False,advection_diffusion,0,32,looped,1.0767424,1.0663989,1.0594709,34049,real scalar equivalents; complex neural weights count twice,correct,fresh_matched_execution_benchmark,initialized; no checkpoint; no training
resolution_g32__advection_diffusion__correct,resolution_g32,1,"[0.62470335, 0.62631475, 0.62404285, 0.6359317, 0.6231445]",False,advection_diffusion,0,32,fno,0.6359317,0.62470335,0.6231445,209985,real scalar equivalents; complex neural weights count twice,correct,fresh_matched_execution_benchmark,initialized; no checkpoint; no training
resolution_g32__allen_cahn__coefficient,resolution_g32,1,"[0.42571495, 0.43587175, 0.4317901, 0.43786575, 0.4222067]",False,allen_cahn,0,32,physics_uncalibrated,0.43786575,0.4317901,0.4222067,,,coefficient,fresh_matched_execution_benchmark,physical coefficients supplied per trajectory
resolution_g32__allen_cahn__coefficient,resolution_g32,1,"[0.4397681, 0.42703545, 0.43753025, 0.42378855, 0.4562606]",True,allen_cahn,3,32,physics_calibrated,0.4562606,0.43753025,0.42378855,,,coefficient,fresh_matched_execution_benchmark,physical coefficients supplied per trajectory
resolution_g32__allen_cahn__coefficient,resolution_g32,1,"[1.065835, 1.0809908, 1.06428665, 1.06180645, 1.08203485]",False,allen_cahn,0,32,transformer,1.08203485,1.065835,1.06180645,100993,real scalar equivalents; complex neural weights count twice,coefficient,fresh_matched_execution_benchmark,initialized; no checkpoint; no training
resolution_g32__allen_cahn__coefficient,resolution_g32,1,"[1.06446995, 1.0649607, 1.0706878, 1.06978495, 1.08068785]",False,allen_cahn,0,32,looped,1.08068785,1.06978495,1.06446995,34049,real scalar equivalents; complex neural weights count twice,coefficient,fresh_matched_execution_benchmark,initialized; no checkpoint; no training
resolution_g32__allen_cahn__coefficient,resolution_g32,1,"[0.62610995, 0.6348982, 0.62352455, 0.6264635, 0.62935685]",False,allen_cahn,0,32,fno,0.6348982,0.6264635,0.62352455,209985,real scalar equivalents; complex neural weights count twice,coefficient,fresh_matched_execution_benchmark,initialized; no checkpoint; no training
resolution_g32__allen_cahn__correct,resolution_g32,1,"[0.42230585, 0.4422103, 0.43228535, 0.45833405, 0.42290225]",False,allen_cahn,0,32,physics_uncalibrated,0.45833405,0.43228535,0.42230585,,,correct,fresh_matched_execution_benchmark,physical coefficients supplied per trajectory
resolution_g32__allen_cahn__correct,resolution_g32,1,"[0.4462874, 0.4262783, 0.44072005, 0.42114005, 0.4521337]",True,allen_cahn,3,32,physics_calibrated,0.4521337,0.44072005,0.42114005,,,correct,fresh_matched_execution_benchmark,physical coefficients supplied per trajectory
resolution_g32__allen_cahn__correct,resolution_g32,1,"[1.1365564, 1.0963674, 1.06867525, 1.06348795, 1.08446855]",False,allen_cahn,0,32,transformer,1.1365564,1.08446855,1.06348795,100993,real scalar equivalents; complex neural weights count twice,correct,fresh_matched_execution_benchmark,initialized; no checkpoint; no training
resolution_g32__allen_cahn__correct,resolution_g32,1,"[1.0936694, 1.1111176, 1.0796217, 1.08399385, 1.09922875]",False,allen_cahn,0,32,looped,1.1111176,1.0936694,1.0796217,34049,real scalar equivalents; complex neural weights count twice,correct,fresh_matched_execution_benchmark,initialized; no checkpoint; no training
resolution_g32__allen_cahn__correct,resolution_g32,1,"[0.6460194, 0.6332597, 0.64418365, 0.6281706, 0.64844155]",False,allen_cahn,0,32,fno,0.64844155,0.64418365,0.6281706,209985,real scalar equivalents; complex neural weights count twice,correct,fresh_matched_execution_benchmark,initialized; no checkpoint; no training
resolution_g32__wave__coefficient,resolution_g32,1,"[0.24208665, 0.2363641, 0.23387685, 0.2377647, 0.2525199]",False,wave,0,32,physics_uncalibrated,0.2525199,0.2377647,0.23387685,,,coefficient,fresh_matched_execution_benchmark,physical coefficients supplied per trajectory
resolution_g32__wave__coefficient,resolution_g32,1,"[0.2380291, 0.2264392, 0.24304115, 0.23031595, 0.24909525]",True,wave,3,32,physics_calibrated,0.24909525,0.2380291,0.2264392,,,coefficient,fresh_matched_execution_benchmark,physical coefficients supplied per trajectory
resolution_g32__wave__coefficient,resolution_g32,1,"[1.08879155, 1.085094, 1.098752, 1.1359069, 1.1104832]",False,wave,0,32,transformer,1.1359069,1.098752,1.085094,101122,real scalar equivalents; complex neural weights count twice,coefficient,fresh_matched_execution_benchmark,initialized; no checkpoint; no training
resolution_g32__wave__coefficient,resolution_g32,1,"[1.07795975, 1.0946128, 1.09411155, 1.07724665, 1.1215473]",False,wave,0,32,looped,1.1215473,1.09411155,1.07724665,34178,real scalar equivalents; complex neural weights count twice,coefficient,fresh_matched_execution_benchmark,initialized; no checkpoint; no training
resolution_g32__wave__coefficient,resolution_g32,1,"[0.6283168, 0.6267159, 0.62084405, 0.62827925, 0.63346655]",False,wave,0,32,fno,0.63346655,0.62827925,0.62084405,210306,real scalar equivalents; complex neural weights count twice,coefficient,fresh_matched_execution_benchmark,initialized; no checkpoint; no training
resolution_g32__wave__correct,resolution_g32,1,"[0.2289244, 0.23925295, 0.2683938, 0.2709586, 0.229664]",False,wave,0,32,physics_uncalibrated,0.2709586,0.23925295,0.2289244,,,correct,fresh_matched_execution_benchmark,physical coefficients supplied per trajectory
resolution_g32__wave__correct,resolution_g32,1,"[0.24803365, 0.25017685, 0.2597533, 0.2348138, 0.32764745]",True,wave,3,32,physics_calibrated,0.32764745,0.25017685,0.2348138,,,correct,fresh_matched_execution_benchmark,physical coefficients supplied per trajectory
resolution_g32__wave__correct,resolution_g32,1,"[1.11334, 1.11831645, 1.1380291, 1.37494305, 1.1679887]",False,wave,0,32,transformer,1.37494305,1.1380291,1.11334,101122,real scalar equivalents; complex neural weights count twice,correct,fresh_matched_execution_benchmark,initialized; no checkpoint; no training
resolution_g32__wave__correct,resolution_g32,1,"[1.0949793, 1.07510595, 1.11073305, 1.0591895, 1.1530467]",False,wave,0,32,looped,1.1530467,1.0949793,1.0591895,34178,real scalar equivalents; complex neural weights count twice,correct,fresh_matched_execution_benchmark,initialized; no checkpoint; no training
resolution_g32__wave__correct,resolution_g32,1,"[0.65481915, 0.6532578, 0.6614251, 0.6544611, 0.66890585]",False,wave,0,32,fno,0.66890585,0.65481915,0.6532578,210306,real scalar equivalents; complex neural weights count twice,correct,fresh_matched_execution_benchmark,initialized; no checkpoint; no training
resolution_g64__advection_diffusion__coefficient,resolution_g64,1,"[0.21621125, 0.21779915, 0.22130145, 0.23579175, 0.20509605]",False,advection_diffusion,0,64,physics_uncalibrated,0.23579175,0.21779915,0.20509605,,,coefficient,fresh_matched_execution_benchmark,physical coefficients supplied per trajectory
resolution_g64__advection_diffusion__coefficient,resolution_g64,1,"[0.22236055, 0.19656425, 0.21701645, 0.20621975, 0.2066334]",True,advection_diffusion,3,64,physics_calibrated,0.22236055,0.2066334,0.19656425,,,coefficient,fresh_matched_execution_benchmark,physical coefficients supplied per trajectory
resolution_g64__advection_diffusion__coefficient,resolution_g64,1,"[2.545784, 2.4567388, 2.50993355, 2.46832895, 3.04736085]",False,advection_diffusion,0,64,transformer,3.04736085,2.50993355,2.4567388,100993,real scalar equivalents; complex neural weights count twice,coefficient,fresh_matched_execution_benchmark,initialized; no checkpoint; no training
resolution_g64__advection_diffusion__coefficient,resolution_g64,1,"[2.4617566, 2.40640635, 2.32151365, 2.4711577, 2.39705675]",False,advection_diffusion,0,64,looped,2.4711577,2.40640635,2.32151365,34049,real scalar equivalents; complex neural weights count twice,coefficient,fresh_matched_execution_benchmark,initialized; no checkpoint; no training
resolution_g64__advection_diffusion__coefficient,resolution_g64,1,"[0.82298515, 0.67909215, 0.6858984, 0.71383995, 0.6828984]",False,advection_diffusion,0,64,fno,0.82298515,0.6858984,0.67909215,209985,real scalar equivalents; complex neural weights count twice,coefficient,fresh_matched_execution_benchmark,initialized; no checkpoint; no training
resolution_g64__advection_diffusion__correct,resolution_g64,1,"[0.18616205, 0.24425745, 0.2100465, 0.2195558, 0.19269635]",False,advection_diffusion,0,64,physics_uncalibrated,0.24425745,0.2100465,0.18616205,,,correct,fresh_matched_execution_benchmark,physical coefficients supplied per trajectory
resolution_g64__advection_diffusion__correct,resolution_g64,1,"[0.2005758, 0.3401778, 0.2291983, 0.20121925, 0.2111086]",True,advection_diffusion,3,64,physics_calibrated,0.3401778,0.2111086,0.2005758,,,correct,fresh_matched_execution_benchmark,physical coefficients supplied per trajectory
resolution_g64__advection_diffusion__correct,resolution_g64,1,"[2.40696715, 2.5842614, 2.4348942, 2.61581035, 2.39202265]",False,advection_diffusion,0,64,transformer,2.61581035,2.4348942,2.39202265,100993,real scalar equivalents; complex neural weights count twice,correct,fresh_matched_execution_benchmark,initialized; no checkpoint; no training
resolution_g64__advection_diffusion__correct,resolution_g64,1,"[2.35511165, 2.3471507, 2.4500034, 2.37752485, 2.3642294]",False,advection_diffusion,0,64,looped,2.4500034,2.3642294,2.3471507,34049,real scalar equivalents; complex neural weights count twice,correct,fresh_matched_execution_benchmark,initialized; no checkpoint; no training
resolution_g64__advection_diffusion__correct,resolution_g64,1,"[0.6920086, 0.76536795, 0.8287473, 0.72195165, 0.67841615]",False,advection_diffusion,0,64,fno,0.8287473,0.72195165,0.67841615,209985,real scalar equivalents; complex neural weights count twice,correct,fresh_matched_execution_benchmark,initialized; no checkpoint; no training
resolution_g64__allen_cahn__coefficient,resolution_g64,1,"[0.40763325, 0.4389669, 0.4407511, 0.45045075, 0.4123068]",False,allen_cahn,0,64,physics_uncalibrated,0.45045075,0.4389669,0.40763325,,,coefficient,fresh_matched_execution_benchmark,physical coefficients supplied per trajectory
resolution_g64__allen_cahn__coefficient,resolution_g64,1,"[0.45363145, 0.42710205, 0.4882721, 0.405762, 0.47227255]",True,allen_cahn,3,64,physics_calibrated,0.4882721,0.45363145,0.405762,,,coefficient,fresh_matched_execution_benchmark,physical coefficients supplied per trajectory
resolution_g64__allen_cahn__coefficient,resolution_g64,1,"[2.3757747, 2.51567125, 2.610906, 2.5030814, 2.3637048]",False,allen_cahn,0,64,transformer,2.610906,2.5030814,2.3637048,100993,real scalar equivalents; complex neural weights count twice,coefficient,fresh_matched_execution_benchmark,initialized; no checkpoint; no training
resolution_g64__allen_cahn__coefficient,resolution_g64,1,"[2.3274305, 2.4660816, 2.4089742, 2.38018135, 2.85356975]",False,allen_cahn,0,64,looped,2.85356975,2.4089742,2.3274305,34049,real scalar equivalents; complex neural weights count twice,coefficient,fresh_matched_execution_benchmark,initialized; no checkpoint; no training
resolution_g64__allen_cahn__coefficient,resolution_g64,1,"[0.69408225, 0.7257293, 0.87043605, 0.67306015, 0.7276683]",False,allen_cahn,0,64,fno,0.87043605,0.7257293,0.67306015,209985,real scalar equivalents; complex neural weights count twice,coefficient,fresh_matched_execution_benchmark,initialized; no checkpoint; no training
resolution_g64__allen_cahn__correct,resolution_g64,1,"[0.41623225, 0.4646476, 0.43414565, 0.4307601, 0.5939316]",False,allen_cahn,0,64,physics_uncalibrated,0.5939316,0.43414565,0.41623225,,,correct,fresh_matched_execution_benchmark,physical coefficients supplied per trajectory
resolution_g64__allen_cahn__correct,resolution_g64,1,"[0.4367266, 0.4201957, 0.42503395, 0.44996, 0.42254675]",True,allen_cahn,3,64,physics_calibrated,0.44996,0.42503395,0.4201957,,,correct,fresh_matched_execution_benchmark,physical coefficients supplied per trajectory
resolution_g64__allen_cahn__correct,resolution_g64,1,"[2.3036083, 2.3501028, 2.27857965, 2.45887545, 2.744884]",False,allen_cahn,0,64,transformer,2.744884,2.3501028,2.27857965,100993,real scalar equivalents; complex neural weights count twice,correct,fresh_matched_execution_benchmark,initialized; no checkpoint; no training
resolution_g64__allen_cahn__correct,resolution_g64,1,"[2.50521315, 2.3660062, 2.3155423, 2.3571529, 2.36558455]",False,allen_cahn,0,64,looped,2.50521315,2.36558455,2.3155423,34049,real scalar equivalents; complex neural weights count twice,correct,fresh_matched_execution_benchmark,initialized; no checkpoint; no training
resolution_g64__allen_cahn__correct,resolution_g64,1,"[0.6930457, 0.6986011, 0.64381365, 0.68348385, 0.7184434]",False,allen_cahn,0,64,fno,0.7184434,0.6930457,0.64381365,209985,real scalar equivalents; complex neural weights count twice,correct,fresh_matched_execution_benchmark,initialized; no checkpoint; no training
resolution_g64__wave__coefficient,resolution_g64,1,"[0.40748155, 0.45538615, 0.4497852, 0.449647, 0.6341922]",False,wave,0,64,physics_uncalibrated,0.6341922,0.4497852,0.40748155,,,coefficient,fresh_matched_execution_benchmark,physical coefficients supplied per trajectory
resolution_g64__wave__coefficient,resolution_g64,1,"[0.4207881, 0.4279599, 0.46225445, 0.47621045, 0.57176425]",True,wave,3,64,physics_calibrated,0.57176425,0.46225445,0.4207881,,,coefficient,fresh_matched_execution_benchmark,physical coefficients supplied per trajectory
resolution_g64__wave__coefficient,resolution_g64,1,"[2.5043108, 2.5255798, 2.41310955, 4.03772365, 2.6811188]",False,wave,0,64,transformer,4.03772365,2.5255798,2.41310955,101122,real scalar equivalents; complex neural weights count twice,coefficient,fresh_matched_execution_benchmark,initialized; no checkpoint; no training
resolution_g64__wave__coefficient,resolution_g64,1,"[2.79603895, 2.3385985, 2.5498819, 2.5043684, 2.7386784]",False,wave,0,64,looped,2.79603895,2.5498819,2.3385985,34178,real scalar equivalents; complex neural weights count twice,coefficient,fresh_matched_execution_benchmark,initialized; no checkpoint; no training
resolution_g64__wave__coefficient,resolution_g64,1,"[0.7200323, 0.7154389, 0.7431691, 0.85918065, 0.75459935]",False,wave,0,64,fno,0.85918065,0.7431691,0.7154389,210306,real scalar equivalents; complex neural weights count twice,coefficient,fresh_matched_execution_benchmark,initialized; no checkpoint; no training
resolution_g64__wave__correct,resolution_g64,1,"[0.45946075, 0.48936275, 0.50579495, 0.5136393, 0.4577482]",False,wave,0,64,physics_uncalibrated,0.5136393,0.48936275,0.4577482,,,correct,fresh_matched_execution_benchmark,physical coefficients supplied per trajectory
resolution_g64__wave__correct,resolution_g64,1,"[0.54313065, 0.52757475, 0.4616651, 0.4392544, 0.50936535]",True,wave,3,64,physics_calibrated,0.54313065,0.50936535,0.4392544,,,correct,fresh_matched_execution_benchmark,physical coefficients supplied per trajectory
resolution_g64__wave__correct,resolution_g64,1,"[2.53179565, 2.58251895, 2.54176115, 2.75226085, 2.52490975]",False,wave,0,64,transformer,2.75226085,2.54176115,2.52490975,101122,real scalar equivalents; complex neural weights count twice,correct,fresh_matched_execution_benchmark,initialized; no checkpoint; no training
resolution_g64__wave__correct,resolution_g64,1,"[2.70639285, 2.68049335, 2.6862966, 2.53716775, 2.52664235]",False,wave,0,64,looped,2.70639285,2.68049335,2.52664235,34178,real scalar equivalents; complex neural weights count twice,correct,fresh_matched_execution_benchmark,initialized; no checkpoint; no training
resolution_g64__wave__correct,resolution_g64,1,"[0.7677211, 0.8149321, 0.8440454, 0.77418925, 0.80950845]",False,wave,0,64,fno,0.8440454,0.80950845,0.7677211,210306,real scalar equivalents; complex neural weights count twice,correct,fresh_matched_execution_benchmark,initialized; no checkpoint; no training
selector_g64__cahn_hilliard__coefficient,selector_g64,1,"[0.4756897, 0.56101155, 0.4695775, 0.5630782, 0.4883127]",False,cahn_hilliard,0,64,physics_uncalibrated,0.5630782,0.4883127,0.4695775,,,coefficient,fresh_matched_execution_benchmark,physical coefficients supplied per trajectory
selector_g64__cahn_hilliard__coefficient,selector_g64,1,"[0.5715835, 0.5185827, 0.48344285, 0.5328116, 0.51907095]",True,cahn_hilliard,3,64,physics_calibrated,0.5715835,0.51907095,0.48344285,,,coefficient,fresh_matched_execution_benchmark,physical coefficients supplied per trajectory
selector_g64__cahn_hilliard__coefficient,selector_g64,1,"[2.7309658, 2.6757763, 2.5219423, 2.54132795, 2.4795055]",False,cahn_hilliard,0,64,transformer,2.7309658,2.54132795,2.4795055,100993,real scalar equivalents; complex neural weights count twice,coefficient,fresh_matched_execution_benchmark,initialized; no checkpoint; no training
selector_g64__cahn_hilliard__coefficient,selector_g64,1,"[2.46202515, 2.44140765, 2.5597647, 2.56142275, 2.5932416]",False,cahn_hilliard,0,64,looped,2.5932416,2.5597647,2.44140765,34049,real scalar equivalents; complex neural weights count twice,coefficient,fresh_matched_execution_benchmark,initialized; no checkpoint; no training
selector_g64__cahn_hilliard__coefficient,selector_g64,1,"[0.72577145, 0.7684451, 0.73368885, 0.7360519, 0.728469]",False,cahn_hilliard,0,64,fno,0.7684451,0.73368885,0.72577145,209985,real scalar equivalents; complex neural weights count twice,coefficient,fresh_matched_execution_benchmark,initialized; no checkpoint; no training
selector_g64__cahn_hilliard__correct,selector_g64,1,"[0.4854414, 0.5276188, 0.5401732, 0.5262007, 0.4818835]",False,cahn_hilliard,0,64,physics_uncalibrated,0.5401732,0.5262007,0.4818835,,,correct,fresh_matched_execution_benchmark,physical coefficients supplied per trajectory
selector_g64__cahn_hilliard__correct,selector_g64,1,"[0.52352515, 0.5188331, 0.60946095, 0.47731165, 0.4986988]",True,cahn_hilliard,3,64,physics_calibrated,0.60946095,0.5188331,0.47731165,,,correct,fresh_matched_execution_benchmark,physical coefficients supplied per trajectory
selector_g64__cahn_hilliard__correct,selector_g64,1,"[2.5374151, 2.7084179, 2.70234025, 2.49764575, 2.61293875]",False,cahn_hilliard,0,64,transformer,2.7084179,2.61293875,2.49764575,100993,real scalar equivalents; complex neural weights count twice,correct,fresh_matched_execution_benchmark,initialized; no checkpoint; no training
selector_g64__cahn_hilliard__correct,selector_g64,1,"[2.61985415, 2.72201085, 2.6909581, 2.61308445, 2.4043574]",False,cahn_hilliard,0,64,looped,2.72201085,2.61985415,2.4043574,34049,real scalar equivalents; complex neural weights count twice,correct,fresh_matched_execution_benchmark,initialized; no checkpoint; no training
selector_g64__cahn_hilliard__correct,selector_g64,1,"[0.77224385, 0.7942104, 0.7919951, 0.75589725, 0.68471815]",False,cahn_hilliard,0,64,fno,0.7942104,0.77224385,0.68471815,209985,real scalar equivalents; complex neural weights count twice,correct,fresh_matched_execution_benchmark,initialized; no checkpoint; no training
selector_g64__cahn_hilliard__structural,selector_g64,1,"[0.41272945, 0.4308948, 0.4222433, 0.48638725, 0.4242052]",False,cahn_hilliard,0,64,physics_uncalibrated,0.48638725,0.4242052,0.41272945,,,structural,fresh_matched_execution_benchmark,physical coefficients supplied per trajectory
selector_g64__cahn_hilliard__structural,selector_g64,1,"[0.4289148, 0.41318965, 0.44351725, 0.4328277, 0.43438705]",True,cahn_hilliard,3,64,physics_calibrated,0.44351725,0.4328277,0.41318965,,,structural,fresh_matched_execution_benchmark,physical coefficients supplied per trajectory
selector_g64__cahn_hilliard__structural,selector_g64,1,"[2.38528575, 2.33577125, 2.37268225, 2.41500845, 2.3797093]",False,cahn_hilliard,0,64,transformer,2.41500845,2.3797093,2.33577125,100993,real scalar equivalents; complex neural weights count twice,structural,fresh_matched_execution_benchmark,initialized; no checkpoint; no training
selector_g64__cahn_hilliard__structural,selector_g64,1,"[2.29119065, 2.33866505, 2.3661449, 2.4951505, 2.5531443]",False,cahn_hilliard,0,64,looped,2.5531443,2.3661449,2.29119065,34049,real scalar equivalents; complex neural weights count twice,structural,fresh_matched_execution_benchmark,initialized; no checkpoint; no training
selector_g64__cahn_hilliard__structural,selector_g64,1,"[0.66715225, 0.66241615, 0.6573881, 0.74572995, 0.6659875]",False,cahn_hilliard,0,64,fno,0.74572995,0.6659875,0.6573881,209985,real scalar equivalents; complex neural weights count twice,structural,fresh_matched_execution_benchmark,initialized; no checkpoint; no training
selector_g64__fitzhugh_nagumo__coefficient,selector_g64,1,"[0.50412495, 0.54347215, 0.548014, 0.56812775, 0.50532125]",False,fitzhugh_nagumo,0,64,physics_uncalibrated,0.56812775,0.54347215,0.50412495,,,coefficient,fresh_matched_execution_benchmark,physical coefficients supplied per trajectory
selector_g64__fitzhugh_nagumo__coefficient,selector_g64,1,"[0.54441055, 0.53373, 0.554664, 0.51055865, 0.56938465]",True,fitzhugh_nagumo,3,64,physics_calibrated,0.56938465,0.54441055,0.51055865,,,coefficient,fresh_matched_execution_benchmark,physical coefficients supplied per trajectory
selector_g64__fitzhugh_nagumo__coefficient,selector_g64,1,"[2.41700795, 2.313359, 2.42964195, 2.30501295, 2.3493246]",False,fitzhugh_nagumo,0,64,transformer,2.42964195,2.3493246,2.30501295,101122,real scalar equivalents; complex neural weights count twice,coefficient,fresh_matched_execution_benchmark,initialized; no checkpoint; no training
selector_g64__fitzhugh_nagumo__coefficient,selector_g64,1,"[2.26913795, 2.5284571, 2.4524633, 2.44674165, 2.3657418]",False,fitzhugh_nagumo,0,64,looped,2.5284571,2.44674165,2.26913795,34178,real scalar equivalents; complex neural weights count twice,coefficient,fresh_matched_execution_benchmark,initialized; no checkpoint; no training
selector_g64__fitzhugh_nagumo__coefficient,selector_g64,1,"[0.661978, 0.7173117, 0.6760421, 0.659353, 0.71851655]",False,fitzhugh_nagumo,0,64,fno,0.71851655,0.6760421,0.659353,210306,real scalar equivalents; complex neural weights count twice,coefficient,fresh_matched_execution_benchmark,initialized; no checkpoint; no training
selector_g64__fitzhugh_nagumo__correct,selector_g64,1,"[0.50484405, 0.53932945, 0.52151565, 0.5222808, 0.5121786]",False,fitzhugh_nagumo,0,64,physics_uncalibrated,0.53932945,0.52151565,0.50484405,,,correct,fresh_matched_execution_benchmark,physical coefficients supplied per trajectory
selector_g64__fitzhugh_nagumo__correct,selector_g64,1,"[0.519464, 0.5093163, 0.5334596, 0.52019965, 0.5319293]",True,fitzhugh_nagumo,3,64,physics_calibrated,0.5334596,0.52019965,0.5093163,,,correct,fresh_matched_execution_benchmark,physical coefficients supplied per trajectory
selector_g64__fitzhugh_nagumo__correct,selector_g64,1,"[2.49317005, 2.3113014, 2.32739215, 2.3386696, 2.37026265]",False,fitzhugh_nagumo,0,64,transformer,2.49317005,2.3386696,2.3113014,101122,real scalar equivalents; complex neural weights count twice,correct,fresh_matched_execution_benchmark,initialized; no checkpoint; no training
selector_g64__fitzhugh_nagumo__correct,selector_g64,1,"[2.33991095, 2.34363405, 2.32908265, 2.32852085, 2.41966895]",False,fitzhugh_nagumo,0,64,looped,2.41966895,2.33991095,2.32852085,34178,real scalar equivalents; complex neural weights count twice,correct,fresh_matched_execution_benchmark,initialized; no checkpoint; no training
selector_g64__fitzhugh_nagumo__correct,selector_g64,1,"[0.6744347, 0.67470815, 0.674634, 0.74991325, 0.6649795]",False,fitzhugh_nagumo,0,64,fno,0.74991325,0.674634,0.6649795,210306,real scalar equivalents; complex neural weights count twice,correct,fresh_matched_execution_benchmark,initialized; no checkpoint; no training
selector_g64__fitzhugh_nagumo__structural,selector_g64,1,"[0.524762, 0.54640455, 0.5476094, 0.5458873, 0.51514355]",False,fitzhugh_nagumo,0,64,physics_uncalibrated,0.5476094,0.5458873,0.51514355,,,structural,fresh_matched_execution_benchmark,physical coefficients supplied per trajectory
selector_g64__fitzhugh_nagumo__structural,selector_g64,1,"[0.54468095, 0.53334895, 0.539035, 0.52111, 0.54422675]",True,fitzhugh_nagumo,3,64,physics_calibrated,0.54468095,0.539035,0.52111,,,structural,fresh_matched_execution_benchmark,physical coefficients supplied per trajectory
selector_g64__fitzhugh_nagumo__structural,selector_g64,1,"[2.5959807, 2.38735985, 2.40831985, 2.45036765, 2.354925]",False,fitzhugh_nagumo,0,64,transformer,2.5959807,2.40831985,2.354925,101122,real scalar equivalents; complex neural weights count twice,structural,fresh_matched_execution_benchmark,initialized; no checkpoint; no training
selector_g64__fitzhugh_nagumo__structural,selector_g64,1,"[2.3587974, 2.40304845, 2.3791004, 2.38849055, 2.36988205]",False,fitzhugh_nagumo,0,64,looped,2.40304845,2.3791004,2.3587974,34178,real scalar equivalents; complex neural weights count twice,structural,fresh_matched_execution_benchmark,initialized; no checkpoint; no training
selector_g64__fitzhugh_nagumo__structural,selector_g64,1,"[0.72742545, 0.86735445, 0.7109887, 0.68723145, 0.66979325]",False,fitzhugh_nagumo,0,64,fno,0.86735445,0.7109887,0.66979325,210306,real scalar equivalents; complex neural weights count twice,structural,fresh_matched_execution_benchmark,initialized; no checkpoint; no training
