job_id,stage,family,prior,grid,split,horizon,n_trajectories,primary_horizon,method,mean_nmse,ci95_low,ci95_high,normalized_rmse,n_training_seeds,kind,arm,source,failed_trajectories,cap_affected_trajectories,nonfinite_steps,raw_mean_nmse,calibration_seconds_current_machine,display_family,mean_nmse_display,ci95_low_display,ci95_high_display
resolution_g64__wave__coefficient,resolution_g64,wave,coefficient,64,test,64,64,True,uncalibrated,0.41355079302842057,0.3672044279604677,0.4598251300452666,0.643079149894024,0,physics_uncalibrated,,new_frozen_physics_evaluation,0,0,0,0.41355079302842057,0.0,Wave,0.414,0.367,0.46
resolution_g64__wave__coefficient,resolution_g64,wave,coefficient,64,test,64,64,True,calibrated,4.903911291722245e-12,4.226099626572945e-12,5.629143175098965e-12,2.2144776566319755e-06,0,physics_calibrated,,new_frozen_physics_evaluation,0,0,0,4.903911291722245e-12,1.4320250989985652,Wave,4.9e-12,4.23e-12,5.63e-12
resolution_g64__wave__coefficient,resolution_g64,wave,coefficient,64,test,64,64,True,validation_best_neural,0.0003730382182466365,0.00031465684348591194,0.0004356620513470605,0.01931419732338459,4,validation_best_neural,,frozen_validation_selection,,,,,,Wave,0.000373,0.000315,0.000436
resolution_g64__advection_diffusion__coefficient,resolution_g64,advection_diffusion,coefficient,64,test,64,64,True,uncalibrated,0.6843452418565761,0.5546417560097769,0.8279995134635615,0.8272516194342421,0,physics_uncalibrated,,new_frozen_physics_evaluation,0,0,0,0.6843452418565761,0.0,Advection–diffusion,0.684,0.555,0.828
resolution_g64__advection_diffusion__coefficient,resolution_g64,advection_diffusion,coefficient,64,test,64,64,True,calibrated,2.4621148923034074e-12,1.7588623958831215e-12,3.296134665381269e-12,1.5691127723345468e-06,0,physics_calibrated,,new_frozen_physics_evaluation,0,0,0,2.4621148923034074e-12,0.7696661519985355,Advection–diffusion,2.46e-12,1.76e-12,3.3e-12
resolution_g64__advection_diffusion__coefficient,resolution_g64,advection_diffusion,coefficient,64,test,64,64,True,validation_best_neural,0.000446428768592374,0.00034630926531045085,0.0005578032038663645,0.021128861033959546,4,validation_best_neural,,frozen_validation_selection,,,,,,Advection–diffusion,0.000446,0.000346,0.000558
resolution_g64__allen_cahn__coefficient,resolution_g64,allen_cahn,coefficient,64,test,64,64,True,uncalibrated,0.005892348846835205,0.0034916974009221668,0.010280149354081081,0.07676163655651959,0,physics_uncalibrated,,new_frozen_physics_evaluation,0,0,0,0.005892348846835205,0.0,Allen–Cahn,0.00589,0.00349,0.0103
resolution_g64__allen_cahn__coefficient,resolution_g64,allen_cahn,coefficient,64,test,64,64,True,calibrated,4.459289287252943e-12,3.2073042006386516e-12,5.8633525772646165e-12,2.1117029353706318e-06,0,physics_calibrated,,new_frozen_physics_evaluation,0,0,0,4.459289287252943e-12,0.8907262700013234,Allen–Cahn,4.46e-12,3.21e-12,5.86e-12
resolution_g64__allen_cahn__coefficient,resolution_g64,allen_cahn,coefficient,64,test,64,64,True,validation_best_neural,0.000561304436022262,0.00039347969613751424,0.0007990817642992625,0.0236918643424755,4,validation_best_neural,,frozen_validation_selection,,,,,,Allen–Cahn,0.000561,0.000393,0.000799
development__burgers__coefficient,development,burgers,coefficient,32,test,64,64,True,uncalibrated,0.017123439811957963,0.012601883899255668,0.022484985329241185,0.13085656197515647,0,physics_uncalibrated,,new_frozen_physics_evaluation,0,0,0,0.017123439811957963,0.0,Burgers,0.0171,0.0126,0.0225
development__burgers__coefficient,development,burgers,coefficient,32,test,64,64,True,calibrated,3.6164333757879106e-11,1.7757945036520484e-11,6.114400790820485e-11,6.01367888716043e-06,0,physics_calibrated,,new_frozen_physics_evaluation,0,0,0,3.6164333757879106e-11,0.7998858440005279,Burgers,3.62e-11,1.78e-11,6.11e-11
development__burgers__coefficient,development,burgers,coefficient,32,test,64,64,True,validation_best_neural,0.000520603293800368,0.00036725231932667143,0.0007056221947357293,0.022816732759103963,6,validation_best_neural,,frozen_validation_selection,,,,,,Burgers,0.000521,0.000367,0.000706
development__ks__coefficient,development,ks,coefficient,32,test,64,64,True,uncalibrated,0.586488938329353,0.5010385986641595,0.6766021137633672,0.7658256579204911,0,physics_uncalibrated,,new_frozen_physics_evaluation,0,0,0,0.586488938329353,0.0,Kuramoto–Sivashinsky,0.586,0.501,0.677
development__ks__coefficient,development,ks,coefficient,32,test,64,64,True,calibrated,1.8063354812870412e-07,9.383504385552115e-08,2.889333846096947e-07,0.00042501005650302456,0,physics_calibrated,,new_frozen_physics_evaluation,0,0,0,1.8063354812870412e-07,0.8528252899996005,Kuramoto–Sivashinsky,1.81e-07,9.38e-08,2.89e-07
development__ks__coefficient,development,ks,coefficient,32,test,64,64,True,validation_best_neural,0.02701678990113454,0.013668956901925874,0.04815127551076229,0.16436784935362067,6,validation_best_neural,,frozen_validation_selection,,,,,,Kuramoto–Sivashinsky,0.027,0.0137,0.0482
development__gray_scott__coefficient,development,gray_scott,coefficient,32,test,64,64,True,uncalibrated,0.7340473871409614,0.6948396115149066,0.7733467172848792,0.8567656547393584,0,physics_uncalibrated,,new_frozen_physics_evaluation,0,0,0,0.7340473871409614,0.0,Gray–Scott,0.734,0.695,0.773
development__gray_scott__coefficient,development,gray_scott,coefficient,32,test,64,64,True,calibrated,2.1063572677062424e-11,1.7968338941457983e-11,2.4491695990115554e-11,4.589506801069416e-06,0,physics_calibrated,,new_frozen_physics_evaluation,0,0,0,2.1063572677062424e-11,1.2187783690023934,Gray–Scott,2.11e-11,1.8e-11,2.45e-11
development__gray_scott__coefficient,development,gray_scott,coefficient,32,test,64,64,True,validation_best_neural,0.00044348240312426686,0.0003450936903637359,0.0005740934652890941,0.021059021893817073,6,validation_best_neural,,frozen_validation_selection,,,,,,Gray–Scott,0.000443,0.000345,0.000574
selector_g64__cahn_hilliard__coefficient,selector_g64,cahn_hilliard,coefficient,64,test,64,64,True,uncalibrated,0.11407926531838708,0.09262647311007162,0.13742037947136632,0.3377562217315724,0,physics_uncalibrated,,new_frozen_physics_evaluation,0,0,0,0.11407926531838708,0.0,Cahn–Hilliard,0.114,0.0926,0.137
selector_g64__cahn_hilliard__coefficient,selector_g64,cahn_hilliard,coefficient,64,test,64,64,True,calibrated,2.0521260467116596e-12,1.4563413647935869e-12,2.7150046433002796e-12,1.4325243616468306e-06,0,physics_calibrated,,new_frozen_physics_evaluation,0,0,0,2.0521260467116596e-12,1.1998282599997765,Cahn–Hilliard,2.05e-12,1.46e-12,2.72e-12
selector_g64__cahn_hilliard__coefficient,selector_g64,cahn_hilliard,coefficient,64,test,64,64,True,validation_best_neural,4.568056205063195e-05,3.487036387027803e-05,5.851496032539519e-05,0.00675873967915853,6,validation_best_neural,,frozen_validation_selection,,,,,,Cahn–Hilliard,4.57e-05,3.49e-05,5.85e-05
selector_g64__fitzhugh_nagumo__coefficient,selector_g64,fitzhugh_nagumo,coefficient,64,test,64,64,True,uncalibrated,0.03141502354817449,0.026608831896686013,0.03651575522135243,0.17724283779090905,0,physics_uncalibrated,,new_frozen_physics_evaluation,0,0,0,0.03141502354817449,0.0,FitzHugh–Nagumo,0.0314,0.0266,0.0365
selector_g64__fitzhugh_nagumo__coefficient,selector_g64,fitzhugh_nagumo,coefficient,64,test,64,64,True,calibrated,3.541699357762429e-11,3.1543917309339694e-11,3.932836969231193e-11,5.951217823069854e-06,0,physics_calibrated,,new_frozen_physics_evaluation,0,0,0,3.541699357762429e-11,1.74861972600047,FitzHugh–Nagumo,3.54e-11,3.15e-11,3.93e-11
selector_g64__fitzhugh_nagumo__coefficient,selector_g64,fitzhugh_nagumo,coefficient,64,test,64,64,True,validation_best_neural,0.00043432305328417836,0.00031792264445836975,0.0005550635170189512,0.020840418740615034,6,validation_best_neural,,frozen_validation_selection,,,,,,FitzHugh–Nagumo,0.000434,0.000318,0.000555
selector_g64__cahn_hilliard__structural,selector_g64,cahn_hilliard,structural,64,test,64,64,True,uncalibrated,0.26738078634641294,0.161197608832149,0.40282754128827425,0.5170887606073187,0,physics_uncalibrated,,new_frozen_physics_evaluation,0,0,0,0.26738078634641294,0.0,Cahn–Hilliard,0.267,0.161,0.403
selector_g64__cahn_hilliard__structural,selector_g64,cahn_hilliard,structural,64,test,64,64,True,calibrated,0.26738078634641294,0.161197608832149,0.40282754128827425,0.5170887606073187,0,physics_calibrated,,new_frozen_physics_evaluation,0,0,0,0.26738078634641294,2.0216149900006712,Cahn–Hilliard,0.267,0.161,0.403
selector_g64__cahn_hilliard__structural,selector_g64,cahn_hilliard,structural,64,test,64,64,True,validation_best_neural,4.6968038146630204e-05,3.604571196552915e-05,5.9879314091899896e-05,0.00685332314622842,6,validation_best_neural,,frozen_validation_selection,,,,,,Cahn–Hilliard,4.7e-05,3.6e-05,5.99e-05
selector_g64__fitzhugh_nagumo__structural,selector_g64,fitzhugh_nagumo,structural,64,test,64,64,True,uncalibrated,1.6198748296659602,1.5027800688096513,1.7387677139749864,1.2727430336348182,0,physics_uncalibrated,,new_frozen_physics_evaluation,0,0,0,1.6198748296659602,0.0,FitzHugh–Nagumo,1.62,1.5,1.74
selector_g64__fitzhugh_nagumo__structural,selector_g64,fitzhugh_nagumo,structural,64,test,64,64,True,calibrated,1.4916272208111891,1.3763630266399145,1.6097208939917855,1.2213219153078312,0,physics_calibrated,,new_frozen_physics_evaluation,0,0,0,1.4916272208111891,1.8910651779988257,FitzHugh–Nagumo,1.49,1.38,1.61
selector_g64__fitzhugh_nagumo__structural,selector_g64,fitzhugh_nagumo,structural,64,test,64,64,True,validation_best_neural,0.0005038357312551391,0.00033380068329615353,0.0007153422903183623,0.022446285466756834,6,validation_best_neural,,frozen_validation_selection,,,,,,FitzHugh–Nagumo,0.000504,0.000334,0.000715
